"date","FL152090005.Q","FL152090006.Q","FL152000005.Q","FL152000006.Q","FL154190005.Q","FL154190006.Q","LM152010005.Q","LM152010006.Q","FL154090005.Q","FL154090006.Q","FL153165105.Q","FL153165106.Q","FL153166000.Q","FL153166006.Q","FL154199005.Q","FL154199006.Q","LM155035015.Q","LM155035016.Q","LM155111005.Q","LM155111006.Q","LM162010005.Q","LM162010006.Q","FL154000025.Q","FL154000026.Q","LM153064105.Q","LM153064106.Q","LM153064175.Q","LM153064176.Q","LM154022005.Q","LM154022006.Q","LM154022075.Q","LM154022076.Q","FL594190045.Q","FL594190046.Q","LM152090205.Q","LM152090206.Q","FL153099005.Q","FL153099006.Q","FC152090005.Q","FC153064475.Q","FC154022375.Q","FC155035005.Q","FC152090045.Q","FA156012005.Q"
"2025:Q3",181631598,791.58,202830301,883.97,21198704, 92.39,61596678,268.45,141233623,615.52,13640941,59.45,5042134,21.97,2515629,10.96,48035160,209.35,8533983,37.19,5027535,21.91,19851453,86.52,46000725,200.48,20486220,89.28,6133325,26.73,5882328,25.64,16536936, 72.07,15636035, 68.14,10706602,46.66, 6063987, 5494040, 357454, -287424,  573668,22945378
"2025:Q2",175567611,770.49,196539545,862.52,20971934, 92.04,61743152,270.96,134796393,591.56,13532783,59.39,4996313,21.93,2442838,10.72,48396336,212.39,8416937,36.94,4929879,21.63,19643106,86.20,41548956,182.34,19443948,85.33,5942389,26.08,5715810,25.08,16475509, 72.30,15549140, 68.24,10477535,45.98, 7153120, 5648350, 133281, 1082764,  227942,22786610
"2025:Q1",168414491,746.40,189226560,838.63,20812069, 92.24,60469745,268.00,128756815,570.64,13424733,59.50,4963381,22.00,2423955,10.74,47252789,209.42,8241123,36.52,4975833,22.05,19579717,86.78,37705653,167.11,17638903,78.17,5864728,25.99,5660190,25.09,16413710, 72.74,15569447, 69.00,10324468,45.76,-1012927,-2126126, 193758,  249557,  595214,22563684
"2024:Q4",169427418,761.49,190234749,855.01,20807331, 93.52,60080508,270.03,130154241,584.98,13381169,60.14,4948069,22.24,2478093,11.14,46928562,210.92,8111190,36.46,5040756,22.66,19200493,86.30,38996748,175.27,18473933,83.03,5822214,26.17,5508946,24.76,16353276, 73.50,15652173, 70.35,10146458,45.60,  708232,  588936,-171085, -349156,  677524,22249490
"2024:Q3",168719186,766.82,189578044,861.62,20858858, 94.80,60321812,274.16,129256232,587.46,13270171,60.31,5027784,22.85,2560903,11.64,47315706,215.05,8013381,36.42,4992725,22.69,18670267,84.85,38334815,174.23,18546930,84.29,5897879,26.81,5604366,25.47,16278816, 73.99,15567988, 70.76,10355171,47.06, 4057940, 3459353, 540366, -328950,  340877,22002574
"2024:Q2",164661246,753.83,185347428,848.54,20686182, 94.70,60592891,277.40,124754537,571.14,13161662,60.26,4980877,22.80,2543643,11.65,47598362,217.91,7968069,36.48,5026460,23.01,18460672,84.51,35820625,163.99,17601767,80.58,5636735,25.81,5325144,24.38,16203077, 74.18,15542355, 71.15,10164162,46.53, 3061288, 1039489, 192355, 1775710,  102561,21843210
"2024:Q1",161599958,749.00,182128084,844.15,20528126, 95.15,58773547,272.41,123354537,571.74,13055606,60.51,4956388,22.97,2516132,11.66,45871478,212.61,7935559,36.78,4966510,23.02,18612641,86.27,35007897,162.26,17375005,80.53,5463830,25.32,5305694,24.59,16128022, 74.75,15360122, 71.19,10101325,46.82, 5535613, 4189602,  38643, 1001863,  232439,21575360
"2023:Q4",156064345,737.26,176521014,833.90,20456669, 96.64,57680864,272.49,118840150,561.41,13017058,61.49,4988253,23.57,2451358,11.58,44796549,211.62,7856571,37.12,5027744,23.75,18341082,86.65,32241947,152.31,15951353,75.36,5566787,26.30,5164094,24.40,16052431, 75.83,15527043, 73.35, 9995412,47.22, 4091476, 4291444, 569001, -681813, -364950,21168040
"2023:Q3",151972870,727.33,172263828,824.44,20290958, 97.11,58328242,279.15,113935586,545.29,12925684,61.86,4927971,23.58,2437303,11.66,45200568,216.33,7831375,37.48,5296299,25.35,18075159,86.51,29464215,141.01,14437642,69.10,5232706,25.04,4929174,23.59,15940177, 76.29,16021158, 76.68, 9835355,47.07,-1213892,-1609151, -33322,  428617,  -57900,20894643
"2023:Q2",153186762,741.79,173297858,839.17,20111096, 97.39,57885149,280.30,115412709,558.87,12805697,62.01,4906700,23.76,2398699,11.62,44714088,216.52,7827846,37.91,5343215,25.87,18033785,87.33,30371702,147.07,15139306,73.31,5151562,24.95,5043640,24.42,15830196, 76.66,16012903, 77.54, 9829615,47.60, 5807888, 2632605,  86431, 2614249,  584309,20651019
"2023:Q1",147378874,726.60,167321402,824.92,19942528, 98.32,55171398,272.00,112150004,552.92,12710665,62.67,4852012,23.92,2379851,11.73,42209545,208.10,7735347,38.14,5226506,25.77,17999547,88.74,28599672,141.00,14278732,70.40,5119357,25.24,4989413,24.60,15718620, 77.50,15721491, 77.51, 9723172,47.94, 3520649, 2473419, 731104,  226139,   62432,20283389
"2022:Q4",143858225,736.94,163764793,838.91,19906568,101.97,54832175,280.89,108932618,558.03,12654093,64.82,4858468,24.89,2394007,12.26,41955852,214.93,7639315,39.13,5237008,26.83,18011374,92.27,26892506,137.76,13512478,69.22,4531080,23.21,4846586,24.83,15606440, 79.95,16006349, 82.00, 9525805,48.80,  977172, 2262221, 869412,-1039599,-1188856,19521072
"2022:Q3",142881053,746.86,162577218,849.82,19696165,102.95,55793573,291.64,106783645,558.17,12510189,65.39,4754314,24.85,2431662,12.71,42921457,224.36,7571492,39.58,5300624,27.71,18187334,95.07,25597496,133.80,12545267,65.58,3680787,19.24,4827467,25.23,15934420, 83.29,16426721, 85.86, 9584153,50.10,-3616053,-1877991, 260995,-1311770, -661056,19130892
"2022:Q2",146497106,786.95,165870660,891.02,19373554,104.07,56935229,305.84,108935431,585.18,12305715,66.10,4659127,25.03,2408712,12.94,44259458,237.75,7413998,39.83,5261773,28.27,18300198,98.30,26633800,143.07,13386954,71.91,3150148,16.92,5097111,27.38,16265419, 87.37,16474377, 88.50, 9627424,51.72,-5804566,-7988353,-227423, 2368876,  117349,18615769
"2022:Q1",152301672,828.88,171306254,932.31,19004582,103.43,54413842,296.14,116892412,636.17,12043988,65.55,4542220,24.72,2418374,13.16,41965597,228.39,7277835,39.61,5170410,28.14,18353060,99.88,31867826,173.44,16141281,87.85,2903812,15.80,5570870,30.32,16597495, 90.33,15796334, 85.97, 9661733,52.58,  600600,-2462111,-232497, 2743622,  517568,18374350
"2021:Q4",151701072,816.17,170409483,916.82,18708411,100.65,51375030,276.40,119034453,640.42,11814490,63.56,4512720,24.28,2381201,12.81,39187957,210.84,6995956,37.64,5191117,27.93,18054846,97.14,33023439,177.67,17447778,93.87,2784718,14.98,5922462,31.86,16927520, 91.07,15383674, 82.77, 9490016,51.06, 4219011, 2478146,-224217,  781060, 1320918,18586976
"2021:Q3",147482061,797.77,165805680,896.88,18323619, 99.12,50319322,272.19,115486358,624.69,11575735,62.62,4425093,23.94,2322791,12.56,38543793,208.49,6737179,36.44,5038350,27.25,17421035,94.23,31642524,171.16,16350548,88.44,3113319,16.84,5818077,31.47,16808330, 90.92,14920147, 80.71, 9412378,50.91, 3627180,  272236, 194170, 2003700, 1453848,18486877
"2021:Q2",143854881,779.73,161831764,877.17,17976883, 97.44,48055635,260.48,113776129,616.70,11352693,61.53,4350229,23.58,2273961,12.33,36836867,199.67,6492961,35.19,4725807,25.62,17286108,93.70,31122425,168.69,16598411,89.97,3018241,16.36,5718986,31.00,16688293, 90.46,14126082, 76.57, 9217583,49.96, 7505549, 3560568,  60843, 3079357,  953114,18449206
"2021:Q1",136349332,692.81,153609261,780.51,17259929, 87.70,44632503,226.78,108976758,553.73,10892406,55.35,4132490,21.00,2235033,11.36,33905843,172.28,6155218,31.28,4571442,23.23,17180967,87.30,28557919,145.11,15602349,79.28,3127625,15.89,5548759,28.19,16568694, 84.19,13354345, 67.86, 9036101,45.91, 5676013, 3134967,-608732, 1679684, 1531083,19680548
"2020:Q4",130673319,754.02,147765589,852.64,17092270, 98.63,42808158,247.01,104957431,605.63,10783195,62.22,4149026,23.94,2160049,12.46,32287148,186.30,6022274,34.75,4498736,25.96,16217562,93.58,26126390,150.76,14898912,85.97,3784398,21.84,5500717,31.74,16448200, 94.91,13024410, 75.15, 8956843,51.68, 8320505, 5770981, 230000, 1153632, 1268517,17330270
"2020:Q3",122352815,695.14,139175352,790.72,16822537, 95.58,41490669,235.73, 97684683,554.99,10651618,60.52,4107620,23.34,2063299,11.72,31236141,177.47,5869632,33.35,4384896,24.91,15567828,88.45,22097532,125.55,13156788,74.75,3754515,21.33,5300601,30.12,16364380, 92.97,12701794, 72.16, 8741245,49.66, 4832377, 2898999, 105481, 1231034,  654411,17601130
"2020:Q2",117520437,649.78,134084519,741.37,16564082, 91.58,40080886,221.61, 94003633,519.76,10500568,58.06,4062466,22.46,2001048,11.06,30062654,166.22,5700616,31.52,4317616,23.87,15408222,85.19,20026091,110.73,12329230,68.17,3924678,21.70,5024957,27.78,16281711, 90.02,12332903, 68.19, 8675841,47.97, 7657223, 5847431, -40226,  483112, 1297578,18086128
"2020:Q1",109863214,665.18,126420359,765.43,16557145,100.25,39594763,239.73, 86825596,525.70,10433093,63.17,4113119,24.90,2010933,12.18,29510214,178.67,5709536,34.57,4375013,26.49,14255433,86.31,16321335, 98.82,10186556,61.68,4296677,26.01,4693184,28.42,16198856, 98.08,12244093, 74.13, 8629463,52.25,-5800727,-7867894,-438717, 1026202, 1567514,16516203
"2019:Q4",115663941,706.83,132192163,807.84,16528222,101.01,38517398,235.38, 93674765,572.45,10391320,63.50,4192191,25.62,1944711,11.88,28571844,174.61,5671343,34.66,4274211,26.12,13348613,81.57,21144458,129.22,13231327,80.86,4379091,26.76,5049486,30.86,16120781, 98.52,12064705, 73.73, 8336304,50.94, 2870954, 2437388,  20888, -192543,  569912,16363691
"2019:Q3",112792987,695.31,129127617,796.00,16334630,100.69,38657110,238.30, 90470507,557.70,10321977,63.63,4124148,25.42,1888505,11.64,28729078,177.10,5624723,34.67,4303309,26.53,12780877,78.79,19704486,121.47,12233911,75.42,4491766,27.69,4915923,30.30,15982853, 98.53,12041089, 74.23, 8319602,51.29,  481455, -209094, 218304,   40058,  445226,16222057
"2019:Q2",112311532,698.67,128442699,799.02,16131167,100.35,38569781,239.94, 89872918,559.09,10230964,63.65,4052107,25.21,1848096,11.50,28702059,178.55,5586597,34.75,4281125,26.63,12526819,77.93,19780511,123.05,12366981,76.93,4447384,27.67,4742001,29.50,15845685, 98.57,11910800, 74.10, 8252737,51.34, 2897963,  934151, 483851, 1175339,  457867,16074939
"2019:Q1",109413569,683.95,125340543,783.51,15926974, 99.56,37343800,233.44, 87996743,550.07,10146937,63.43,3994470,24.97,1785567,11.16,27679965,173.03,5547932,34.68,4115903,25.73,12675730,79.24,19268741,120.45,11944600,74.67,4192435,26.21,4513099,28.21,15707680, 98.19,11527561, 72.06, 8166897,51.05, 5479855, 4068398, 377207,   45617, 1105130,15997304
"2018:Q4",103933714,659.02,119830597,759.82,15896883,100.80,37209025,235.93, 82621572,523.88,10121618,64.18,4007042,25.41,1768223,11.21,27750845,175.96,5471605,34.69,3986575,25.28,12291962,77.94,16641609,105.52,10503334,66.60,3989822,25.30,4338505,27.51,15569032, 98.72,11331966, 71.85, 7955341,50.44,-4470846,-4423354,  85696, -474989,  316890,15770966
"2018:Q3",108404560,696.55,124169198,797.85,15764638,101.30,37622005,241.74, 86547193,556.11,10059020,64.63,3934565,25.28,1771053,11.38,28200924,181.20,5417717,34.81,4003364,25.72,11953172,76.80,19154193,123.07,12414104,79.77,3766596,24.20,4476035,28.76,15479911, 99.47,11359847, 72.99, 7943335,51.04, 2079567, 1316282, 265649,  478562,   58907,15563067
"2018:Q2",106324993,692.71,121922138,794.33,15597145,101.62,37095495,241.68, 84826643,552.65, 9966851,64.93,3858174,25.14,1772120,11.55,27762195,180.87,5380900,35.06,3952400,25.75,12093904,78.79,18384512,119.78,11867502,77.32,3547367,23.11,4429615,28.86,15388414,100.26,11243758, 73.25, 7871571,51.28, 1239393,  463365, 180753,  406590,  202486,15349067
"2018:Q1",105085600,694.41,120557028,796.65,15471428,102.24,36627033,242.03, 83929995,554.61, 9888689,65.34,3819876,25.24,1762863,11.65,27369406,180.86,5328880,35.21,3928747,25.96,12131077,80.16,18113531,119.70,11675118,77.15,3404722,22.50,4391506,29.02,15297029,101.08,11077756, 73.20, 7839255,51.80, 1059382, -238687,  94894,  675625,  580305,15133060
"2017:Q4",104026218,699.49,119446563,803.18,15420345,103.69,35879789,241.26, 83566774,561.92, 9852345,66.25,3830785,25.76,1737215,11.68,26746536,179.85,5267636,35.42,3865617,25.99,11860008,79.75,18273992,122.88,11753345,79.03,3334951,22.42,4366384,29.36,15205660,102.25,10972416, 73.78, 7800018,52.45, 2581091, 1605089, 110777,  470934,  464564,14871770
"2017:Q3",101445128,690.47,116671725,794.11,15226597,103.64,35348608,240.60, 81323117,553.52, 9782801,66.59,3749183,25.52,1694613,11.53,26345876,179.32,5216153,35.50,3786579,25.77,11638325,79.21,17211671,117.15,11210576,76.30,3302836,22.48,4287721,29.18,15110467,102.85,10776434, 73.35, 7785086,52.99, 1693945,  961073,  41235,  466270,  184895,14692114
"2017:Q2", 99751183,686.10,114829608,789.82,15078425,103.71,34864536,239.80, 79965072,550.01, 9702560,66.74,3682709,25.33,1693156,11.65,25839134,177.73,5206069,35.81,3819333,26.27,11529695,79.30,16742893,115.16,10718282,73.72,3399350,23.38,4149972,28.54,15015136,103.28,10677739, 73.44, 7732005,53.18, 2199337,  811714, 232067,  740560,  635243,14538770
"2017:Q1", 97551845,679.66,112476097,783.64,14924252,103.98,34095030,237.55, 78381067,546.09, 9636529,67.14,3630424,25.29,1657299,11.55,25318820,176.40,5185202,36.13,3591008,25.02,11632078,81.04,16254027,113.24,10395433,72.43,3300624,23.00,4016631,27.98,14919991,103.95,10180716, 70.93, 7681566,53.52, 2359440, 1447560,  90795,  373644,  405141,14353057
"2016:Q4", 95192405,674.01,110059872,779.28,14867467,105.27,33665006,238.37, 76394866,540.91, 9591930,67.92,3636438,25.75,1639099,11.61,24902876,176.32,5136728,36.37,3625402,25.67,11422517,80.88,15393729,109.00, 9808171,69.45,3315761,23.48,3910699,27.69,14824323,104.96,10173687, 72.03, 7545978,53.43,  677278,  391104,-289200,  424597,  175132,14123300
"2016:Q3", 94515128,676.65,109280466,782.36,14765338,105.71,33203940,237.71, 76076526,544.64, 9543348,68.32,3561590,25.50,1660400,11.89,24502635,175.42,5111191,36.59,3590114,25.70,11301186,80.91,15089093,108.03, 9721704,69.60,3477162,24.89,4038498,28.91,14728902,105.45,10170328, 72.81, 7549653,54.05, 1703952,  753627, -59461,  620347,  503173,13968108
"2016:Q2", 92811176,670.51,107408848,775.97,14597672,105.46,32555293,235.20, 74853555,540.78, 9477858,68.47,3476793,25.12,1643021,11.87,23996022,173.36,5091724,36.79,3467547,25.05,11102853,80.21,14698740,106.19, 9358430,67.61,3637630,26.28,3937491,28.45,14632649,105.71, 9967492, 72.01, 7518270,54.32, 1715589,  547545, 250477,  637750,  382942,13841829
"2016:Q1", 91095587,660.96,105563397,765.93,14467810,104.97,31853493,231.12, 73709904,534.81, 9432082,68.44,3412236,24.76,1623492,11.78,23461397,170.23,5037243,36.55,3354853,24.34,11171274,81.05,14250321,103.40, 9259304,67.18,3545142,25.72,3779502,27.42,14537203,105.48, 9727533, 70.58, 7439624,53.98, 1148585,  231520, 232084,  242854,  403895,13782355
"2015:Q4", 89947002,658.24,104396070,763.98,14449068,105.74,31556587,230.93, 72839483,533.04, 9435806,69.05,3400230,24.88,1613032,11.80,23180311,169.64,4990625,36.52,3385651,24.78,10930689,79.99,13942388,102.03, 9335717,68.32,3419223,25.02,3673337,26.88,14441695,105.69, 9803666, 71.74, 7292768,53.37, 1488202,  985367,-244555,  313718,  421571,13664798
"2015:Q3", 88458800,650.52,102901424,756.72,14442624,106.21,31209527,229.51, 71691896,527.21, 9378337,68.97,3463066,25.47,1601221,11.78,22854492,168.07,4963696,36.50,3391339,24.94,10664727,78.43,13382015, 98.41, 8910723,65.53,3638081,26.75,3699034,27.20,14353214,105.55, 9770030, 71.85, 7274073,53.49, -964649,-1994333, 321956,  458964,  269790,13598262
"2015:Q2", 89423449,662.99,103744744,769.17,14321295,106.18,30714322,227.72, 73030422,541.45, 9336611,69.22,3377741,25.04,1606943,11.91,22416554,166.20,4935086,36.59,3362682,24.93,10551279,78.23,14526162,107.70, 9760909,72.37,3284974,24.36,3730185,27.66,14266174,105.77, 9596922, 71.15, 7313816,54.23,  817895,   71775,-131025,  516494,  433254,13487843
"2015:Q1", 88605554,662.20,102798417,768.27,14192863,106.07,30125757,225.15, 72672660,543.12, 9300937,69.51,3307103,24.72,1584823,11.84,21972663,164.21,4872340,36.41,3280754,24.52,10501773,78.49,14490592,108.30, 9724705,72.68,3397349,25.39,3748836,28.02,14177617,105.96, 9307844, 69.56, 7323945,54.74, 1625958,  414231, 120548,  439633,  764233,13380512
"2014:Q4", 86979596,656.04,101196876,763.28,14217280,107.23,29654637,223.67, 71542239,539.61, 9341508,70.46,3309540,24.96,1566232,11.81,21645718,163.26,4851760,36.59,3157159,23.81,10214466,77.04,14316525,107.98, 9484541,71.54,3369036,25.41,3656600,27.58,14088603,106.26, 9126102, 68.83, 7286366,54.96, 1573023,  802844,  31163,  337299,  489002,13258193
"2014:Q3", 85406573,652.50, 99556858,760.61,14150285,108.11,29289855,223.77, 70267003,536.84, 9339354,71.35,3242945,24.78,1567986,11.98,21395703,163.46,4833528,36.93,3060624,23.38,10086437,77.06,13717807,104.80, 9280414,70.90,3410109,26.05,3584365,27.38,13983679,106.83, 8905339, 68.04, 7298854,55.76,  678816, -425500,  20979,  445447,  693955,13089118
"2014:Q2", 84727757,655.19, 98883880,764.65,14156123,109.47,28799550,222.70, 70084330,541.95, 9333885,72.18,3164002,24.47,1658236,12.82,21006321,162.44,4797544,37.10,2995685,23.17, 9943468,76.89,13964752,107.99, 9458969,73.14,3382974,26.16,3590521,27.76,13878733,107.32, 8640736, 66.82, 7224177,55.86, 2181808, 1087553, 177255,  531343,  491735,12931863
"2014:Q1", 82545948,649.23, 96628662,759.99,14082714,110.76,28241493,222.12, 68387169,537.87, 9349466,73.53,3096815,24.36,1636433,12.87,20581056,161.87,4779068,37.59,2881369,22.66, 9928706,78.09,13235796,104.10, 9100372,71.58,3313793,26.06,3482447,27.39,13772342,108.32, 8376483, 65.88, 7177230,56.45, 1702351,  895165,  54732,  262141,  459184,12714403
"2013:Q4", 80843597,646.21, 94932942,758.83,14089345,112.62,27969505,223.57, 66963437,535.26, 9395044,75.10,3090468,24.70,1603833,12.82,20287786,162.17,4777334,38.19,2904385,23.22, 9712741,77.64,12507557, 99.98, 8933446,71.41,3295489,26.34,3446019,27.55,13666420,109.24, 8396037, 67.11, 7005728,56.00, 2214871, 1461320,-153519,  353655,  572351,12510375
"2013:Q3", 78628726,631.69, 92547875,743.52,13919149,111.82,27594203,221.69, 64953672,521.83, 9419206,75.67,3030297,24.35,1469646,11.81,19953067,160.30,4766462,38.29,2874674,23.09, 9617333,77.26,11792921, 94.74, 8186762,65.77,3438726,27.63,3456301,27.77,13316056,106.98, 8257755, 66.34, 6887818,55.34, 2540732, 1172395,-187912,  643808, 1042859,12447306
"2013:Q2", 76087994,615.94, 89952506,728.17,13864512,112.23,26930552,218.00, 63021954,510.17, 9414598,76.21,2960193,23.96,1489721,12.06,19439677,157.37,4756820,38.51,2734055,22.13, 9487730,76.80,11196722, 90.64, 7610566,61.61,3563435,28.85,3519504,28.49,12965641,104.96, 7912309, 64.05, 6766047,54.77, 1240797,  419106,-652903,  610422,  977492,12353217
"2013:Q1", 74847197,610.80, 88689112,723.75,13841915,112.96,26306008,214.67, 62383104,509.08, 9452898,77.14,2913773,23.78,1475244,12.04,18942574,154.58,4753090,38.79,2610344,21.30, 9457779,77.18,10901110, 88.96, 7487072,61.10,4058058,33.12,3677784,30.01,12616248,102.96, 7548713, 61.60, 6636340,54.16, 2827058, 1944294,-134680,  430052,  608746,12254044
"2012:Q4", 72020139,566.42, 85896159,675.55,13876020,109.13,25840518,203.23, 60055641,472.32, 9506994,74.77,2912905,22.91,1456121,11.45,18533877,145.76,4727440,37.18,2579201,20.28, 9472007,74.49, 9604964, 75.54, 6838924,53.79,4276039,33.63,3594482,28.27,12265811, 96.47, 7444907, 58.55, 6558507,51.58, 1029641,  120987, -33356,  217940,  767916,12715043
"2012:Q3", 70990498,577.07, 84894190,690.09,13903692,113.02,25588373,208.00, 59305817,482.09, 9565631,77.76,2850453,23.17,1487608,12.09,18359783,149.24,4700607,38.21,2527983,20.55, 9127843,74.20, 9534740, 77.51, 6788161,55.18,4397980,35.75,3505897,28.50,12179764, 99.01, 7319666, 59.50, 6451766,52.45, 1890564,  883652, 266847,  284271,  502283,12301844
"2012:Q2", 69099934,558.87, 82995057,671.25,13895123,112.38,25284294,204.50, 57710763,466.76, 9621830,77.82,2790468,22.57,1482825,11.99,18122001,146.57,4688964,37.92,2473329,20.00, 9059334,73.27, 9016233, 72.92, 6423015,51.95,4302671,34.80,3334360,26.97,12092995, 97.81, 7084072, 57.30, 6398083,51.75,  111098, -655348, 318203,  194600,  263149,12364178
"2012:Q1", 68988836,563.08, 82912119,676.72,13923283,113.64,25072542,204.64, 57839577,472.08, 9687961,79.07,2745041,22.40,1490281,12.16,17936907,146.40,4678915,38.19,2456720,20.05, 9105700,74.32, 9322416, 76.09, 6772181,55.27,4098896,33.45,3219932,26.28,12007996, 98.01, 6916785, 56.45, 6395671,52.20, 1983733, 1772429, 113710, -190600,  286655,12252058
"2011:Q4", 67005103,558.96, 80985754,675.59,13980651,116.63,25220683,210.39, 55765071,465.20, 9754939,81.38,2756225,22.99,1469487,12.26,18125968,151.21,4644654,38.75,2450061,20.44, 9082748,75.77, 8351581, 69.67, 5970587,49.81,4188755,34.94,3016363,25.16,11920691, 99.44, 6897429, 57.54, 6336918,52.86, 1448013, 1004126, 194538,  -61628,  414817,11987448
"2011:Q3", 65557090,549.92, 79547330,667.28,13990240,117.36,25259207,211.89, 54288123,455.39, 9808393,82.28,2702175,22.67,1479672,12.41,18291436,153.44,4630629,38.84,2337142,19.61, 8894814,74.61, 7822036, 65.61, 5496006,46.10,4189383,35.14,2821197,23.67,11825536, 99.20, 6749164, 56.62, 6489988,54.44,-1893950,-2688590, 325152,  -92774,  557117,11921126
"2011:Q2", 67451040,571.46, 81450695,690.06,13999655,118.61,25322029,214.53, 56128666,475.53, 9860668,83.54,2653077,22.48,1485910,12.59,18379064,155.71,4609074,39.05,2333891,19.77, 8765526,74.26, 9314570, 78.91, 6692062,56.70,3821406,32.38,2864022,24.26,11734598, 99.42, 6651448, 56.35, 6285034,53.25,  398935, -144751, 160471, -134285,  494113,11803351
"2011:Q1", 67052105,572.53, 81097221,692.45,14045116,119.92,25406649,216.94, 55690572,475.52, 9920126,84.70,2628309,22.44,1496681,12.78,18489962,157.88,4568263,39.01,2348424,20.05, 8651005,73.87, 9434699, 80.56, 6716684,57.35,3692977,31.53,2831980,24.18,11640080, 99.39, 6598913, 56.35, 6124234,52.29, 1110107, 1023768,-117148, -284701,  534667,11711592
"2010:Q4", 65941998,573.49, 80011630,695.86,14069632,122.36,25650841,223.08, 54360789,472.77, 9957898,86.60,2646811,23.02,1464923,12.74,18821143,163.69,4535502,39.44,2294196,19.95, 8512595,74.03, 8809013, 76.61, 6318602,54.95,3760890,32.71,2881215,25.06,11544780,100.40, 6550958, 56.97, 5982736,52.03, 1695696, 1387697,  63993, -243714,  513453,11498297
"2010:Q3", 64246302,564.46, 78329904,688.19,14083602,123.74,25870132,227.29, 52459772,460.90,10131755,89.02,2503726,22.00,1448121,12.72,19090590,167.73,4520365,39.72,2259177,19.85, 8404250,73.84, 8028116, 70.53, 5711801,50.18,3712790,32.62,2865322,25.17,11330640, 99.55, 6458462, 56.74, 5948390,52.26, 2059955, 1523167,  95011, -145731,  585834,11381992
"2010:Q2", 62186347,550.38, 76343931,675.68,14157584,125.30,26018990,230.28, 50324941,445.40,10212856,90.39,2478453,21.94,1466275,12.98,19234646,170.24,4530911,40.10,2253433,19.94, 8333258,73.75, 7152713, 63.31, 5064038,44.82,3793086,33.57,2690016,23.81,11115524, 98.38, 6299952, 55.76, 5876355,52.01, -538549,-1357187, 324704,   44605,  573813,11298797
"2010:Q1", 62724897,565.24, 76945694,693.40,14220797,128.15,25987628,234.19, 50958066,459.21,10275461,92.60,2493057,22.47,1452279,13.09,19314526,174.05,4550803,41.01,2122299,19.13, 8467244,76.30, 7846059, 70.70, 5727879,51.62,3612825,32.56,2545572,22.94,10903825, 98.26, 5964829, 53.75, 5889833,53.08, 1232096,  699413, 415658,  -51048,  219766,11096944
"2009:Q4", 61492801,559.62, 75819994,690.01,14327193,130.39,26046008,237.03, 49773986,452.97,10406753,94.71,2555017,23.25,1365423,12.43,19417267,176.71,4560133,41.50,2068608,18.83, 8706648,79.24, 7453612, 67.83, 5420913,49.33,3360565,30.58,2382174,21.68,10689940, 97.28, 5872900, 53.45, 5887234,53.58,  128190,  398971, -41077, -328524,   -9565,10988307
"2009:Q3", 61364611,563.59, 75697772,695.22,14333161,131.64,26339916,241.91, 49357856,453.31,10453428,96.01,2558711,23.50,1321022,12.13,19637406,180.35,4531267,41.62,2171243,19.94, 8571650,78.72, 7342571, 67.44, 5132983,47.14,3517088,32.30,2266728,20.82,10604155, 97.39, 6073650, 55.78, 5849031,53.72, 1757797, 1859640, 423567, -353431, -218030,10888261
"2009:Q2", 59606814,544.54, 73944239,675.52,14337425,130.98,26705722,243.97, 47238517,431.55,10511574,96.03,2548873,23.29,1276978,11.67,19944786,182.21,4548515,41.55,2212421,20.21, 8754171,79.97, 6272186, 57.30, 4343728,39.68,3329701,30.42,2030548,18.55,10517046, 96.08, 6211236, 56.74, 5779901,52.80,  415367, 1836414,-199339, -735991, -799181,10946227
"2009:Q1", 59191447,546.53, 73554737,679.15,14363290,132.62,27440198,253.36, 46114539,425.79,10546587,97.38,2578142,23.80,1238561,11.44,20367313,188.06,4552056,42.03,2520829,23.28, 8885778,82.04, 5193910, 47.96, 3585589,33.11,3717203,34.32,1842385,17.01,10430452, 96.31, 6728789, 62.13, 5730431,52.91,-1866811,-1111677, 343827, -656842, -570649,10830420
"2008:Q4", 61058258,559.53, 75510893,691.97,14452635,132.44,28105337,257.55, 47405556,434.42,10540066,96.59,2643789,24.23,1268780,11.63,20895625,191.48,4566247,41.84,2643465,24.22, 8986059,82.35, 5876720, 53.85, 4014457,36.79,3435429,31.48,1780333,16.31,10346129, 94.81, 7148624, 65.51, 5817805,53.31,-3158690,-2927585, 195361, -616629,  119322,10912439
"2008:Q3", 64216947,585.68, 78943394,719.99,14726447,134.31,28723021,261.97, 50220373,458.03,10611842,96.78,2643813,24.11,1470792,13.41,21441412,195.55,4577733,41.75,2703876,24.66, 8484604,77.38, 7459828, 68.04, 5358934,48.88,3107530,28.34,1912871,17.45,10243369, 93.42, 7579123, 69.12, 6074114,55.40,-2401192,-1931163, 157657, -602226,  -69553,10964447
"2008:Q2", 66618139,602.23, 81208345,734.13,14590206,131.90,29287621,264.76, 51920724,469.37,10639283,96.18,2620453,23.69,1330470,12.03,21999544,198.88,4548742,41.12,2739335,24.76, 8327424,75.28, 8513482, 76.96, 6236443,56.38,2870534,25.95,1992210,18.01,10139324, 91.66, 7850873, 70.97, 5990434,54.15,-1085408, -665282, 174179, -528040,  -35671,11061837
"2008:Q1", 67703547,630.74, 82341952,767.11,14638405,136.37,29784280,277.48, 52557672,489.64,10650123,99.22,2602008,24.24,1386274,12.91,22558177,210.16,4523378,42.14,2702725,25.18, 8526472,79.43, 9131265, 85.07, 6283943,58.54,2736160,25.49,1952406,18.19,10031922, 93.46, 7963963, 74.19, 5931542,55.26,-2192153,-1507508,  66268, -858282,  -65078,10733994
"2007:Q4", 69895699,659.26, 84399885,796.06,14504186,136.80,30587677,288.50, 53812208,507.56,10577134,99.76,2609477,24.61,1317575,12.43,23244012,219.24,4474789,42.21,2868876,27.06, 8111077,76.50, 9975721, 94.09, 6946994,65.52,2679471,25.27,1942826,18.32, 9926358, 93.63, 8455446, 79.75, 5774314,54.46, -806902, -935662, 108782, -352151,  350795,10602170
"2007:Q3", 70702601,674.48, 85010479,810.97,14307878,136.49,30888902,294.67, 54121577,516.30,10472672,99.91,2555552,24.38,1279654,12.21,23574828,224.90,4427942,42.24,2886132,27.53, 7750800,73.94,10659502,101.69, 7198876,68.67,2639241,25.18,1874274,17.88, 9806253, 93.55, 8605536, 82.09, 5587095,53.30,  815197,  117818, 510491, -132967,  367828,10482565
"2007:Q2", 69887404,671.60, 83959334,806.83,14071930,135.23,30980696,297.72, 52978638,509.11,10295194,98.93,2476966,23.80,1299770,12.49,23755768,228.29,4391621,42.20,2833307,27.23, 7487289,71.95,10699525,102.82, 7041035,67.66,2184924,21.00,1818100,17.47, 9684811, 93.07, 8555662, 82.22, 5507292,52.92,  701080,  590777, -47934,  -30642,  267768,10406081
"2007:Q1", 69186325,673.83, 82959047,807.96,13772722,134.14,30957910,301.51, 52001137,506.45,10097254,98.34,2440172,23.77,1235296,12.03,23865300,232.43,4344632,42.31,2747978,26.76, 7430747,72.37,10573910,102.98, 6575872,64.04,2277993,22.19,1772965,17.27, 9562628, 93.13, 8435164, 82.15, 5371858,52.32,  922936,  619219, 140005, -186048,  409579,10267698
"2006:Q4", 68263388,676.05, 81853775,810.64,13590387,134.59,31090978,307.91, 50762797,502.73, 9899344,98.04,2456716,24.33,1234327,12.22,24111167,238.79,4298259,42.57,2681552,26.56, 7163497,70.94,10150352,100.52, 6380211,63.19,2192864,21.72,1718089,17.02, 9440869, 93.50, 8419489, 83.38, 5297426,52.46, 1506272, 1195633, -96027,  153423,  325221,10097401
"2006:Q3", 66757117,668.08, 80083424,801.45,13326307,133.37,30891661,309.15, 49191763,492.30, 9748424,97.56,2411441,24.13,1166442,11.67,24029723,240.48,4258278,42.62,2603660,26.06, 6975069,69.80, 9441420, 94.49, 5893510,58.98,2353722,23.56,1653258,16.55, 9326114, 93.33, 8290408, 82.97, 5258262,52.62, 1133920,  504173,  37309,  338204,  317210, 9992331
"2006:Q2", 65623196,662.42, 78624919,793.67,13001723,131.24,30498677,307.86, 48126242,485.80, 9512090,96.02,2349611,23.72,1140022,11.51,23754495,239.79,4209230,42.49,2534952,25.59, 6819396,68.84, 9154151, 92.41, 5676606,57.30,2385219,24.08,1584451,15.99, 9211905, 92.99, 8081239, 81.57, 5213275,52.62,  278306, -386293, -22412,  470726,  307149, 9906545
"2006:Q1", 65344891,667.88, 77989796,797.13,12644905,129.24,29975291,306.37, 48014505,490.75, 9206938,94.10,2337585,23.89,1100382,11.25,23374634,238.91,4160811,42.53,2439846,24.94, 6716384,68.65, 9429609, 96.38, 5787441,59.15,2418131,24.72,1573951,16.09, 9098966, 93.00, 7849511, 80.23, 5140512,52.54, 2004378, 1416923,  50196,  146224,  454289, 9783857
"2005:Q4", 63340512,662.83, 75620248,791.33,12279736,128.50,29769560,311.52, 45850688,479.80, 8902867,93.16,2320555,24.28,1056314,11.05,23291664,243.74,4106270,42.97,2371626,24.82, 6486938,67.88, 8191347, 85.72, 5608779,58.69,2327506,24.36,1614381,16.89, 8984585, 94.02, 7773558, 81.35, 4863595,50.90, 1406222,  285943, 128516,  742585,  312134, 9556135
"2005:Q3", 61934290,659.13, 73915304,786.64,11981014,127.51,28974373,308.36, 44940931,478.28, 8641881,91.97,2278385,24.25,1060748,11.29,22612034,240.65,4057915,43.19,2304424,24.52, 6341030,67.48, 8082024, 86.01, 5432159,57.81,2218261,23.61,1595110,16.98, 8882521, 94.53, 7594232, 80.82, 4795594,51.04, 1695542,  702467,-194625,  872312,  409962, 9396375
"2005:Q2", 60238748,650.40, 71867140,775.95,11628392,125.55,28059297,302.96, 43807843,472.99, 8352759,90.19,2232389,24.10,1043244,11.26,21834296,235.75,4018360,43.39,2206641,23.83, 6216681,67.12, 7678703, 82.91, 5133013,55.42,2445008,26.40,1562988,16.88, 8779854, 94.80, 7250007, 78.28, 4741589,51.20, 1537014,  397919, 173408,  751481,  265428, 9261799
"2005:Q1", 58701734,643.64, 70000938,767.53,11299204,123.89,27239555,298.67, 42761383,468.86, 8068560,88.47,2204974,24.18,1025670,11.25,21134037,231.73,3955139,43.37,2150379,23.58, 6173478,67.69, 7426233, 81.43, 4987565,54.69,2321355,25.45,1513233,16.59, 8676911, 95.14, 6952467, 76.23, 4710141,51.64,  919511,  -14164, -70281,  738574,  337450, 9120285
"2004:Q4", 57782223,628.60, 68873488,749.25,11091265,120.66,26438362,287.62, 42435126,461.64, 7840578,85.30,2220119,24.15,1030568,11.21,20467531,222.66,3898219,42.41,2072612,22.55, 6086342,66.21, 7373179, 80.21, 5054783,54.99,2387971,25.98,1516898,16.50, 8575044, 93.29, 6788381, 73.85, 4652528,50.61, 2226378, 1074056, 153137,  709083,  304730, 9192274
"2004:Q3", 55555845,616.64, 66283175,735.70,10727330,119.07,25652904,284.73, 40630271,450.97, 7579492,84.13,2164875,24.03, 982964,10.91,19773076,219.47,3827860,42.49,2051968,22.78, 5951503,66.06, 6839233, 75.91, 4514673,50.11,2258180,25.06,1493552,16.58, 8414526, 93.40, 6649626, 73.81, 4508978,50.05, 1252126, -110586, 194266,  829874,  440968, 9009501
"2004:Q2", 54303719,609.61, 64757461,726.96,10453742,117.35,24786132,278.25, 39971329,448.71, 7341273,82.41,2114539,23.74, 997930,11.20,19045598,213.80,3795114,42.60,1945420,21.84, 5956700,66.87, 6948102, 78.00, 4516390,50.70,2113360,23.72,1444106,16.21, 8255403, 92.67, 6301537, 70.74, 4435732,49.80,  890869,   55827,-177220,  700904,  400656, 8907978
"2004:Q1", 53412850,609.82, 63547990,725.54,10135140,115.71,24022272,274.27, 39525718,451.27, 7068688,80.70,2096472,23.94, 969980,11.07,18433992,210.46,3737766,42.67,1850514,21.13, 5918067,67.57, 6935377, 79.18, 4473288,51.07,2303373,26.30,1431313,16.34, 8096806, 92.44, 5950333, 67.94, 4417161,50.43, 2498896,  510889, 779872,  779401,  516849, 8758765
"2003:Q4", 50913954,588.42, 60856102,703.33, 9942148,114.90,23178254,267.88, 37677848,435.45, 6895613,79.69,2102932,24.30, 943604,10.91,17742705,205.06,3677601,42.50,1757948,20.32, 5815963,67.22, 6628755, 76.61, 4269021,49.34,1506032,17.41,1448783,16.74, 7938164, 91.74, 5774838, 66.74, 4296293,49.65, 1907777, 1260423, 147845,  459763,   68683, 8652611
"2003:Q3", 49006177,570.70, 58691591,683.49, 9685414,112.79,22666404,263.96, 36025187,419.53, 6690933,77.92,2059675,23.99, 934806,10.89,17311879,201.61,3630843,42.28,1723682,20.07, 5791362,67.44, 5901106, 68.72, 3736247,43.51,1380110,16.07,1426859,16.62, 7855820, 91.49, 5690985, 66.27, 4242699,49.41,  908706,  549140, -30006,  395819,  -26367, 8586985
"2003:Q2", 48097471,573.41, 57527695,685.84, 9430224,112.43,22221537,264.92, 35306158,420.92, 6448380,76.88,2021930,24.11, 959914,11.44,16895940,201.43,3586058,42.75,1739539,20.74, 5830583,69.51, 5555878, 66.24, 3532336,42.11,1400225,16.69,1436750,17.13, 7775362, 92.70, 5577344, 66.49, 4197680,50.04, 1893933, 1410473,   2583,  408145,   76209, 8387901
"2003:Q1", 46203538,557.65, 55242741,666.75, 9039204,109.10,21772395,262.78, 33470346,403.97, 6187241,74.68,1989123,24.01, 862840,10.41,16491272,199.04,3549583,42.84,1731540,20.90, 5780424,69.77, 4704478, 56.78, 2973263,35.89,1480578,17.87,1353814,16.34, 7693452, 92.86, 5432773, 65.57, 4051565,48.90,  268380, -380332, -31518,  436037,  304758, 8285363
"2002:Q4", 45935157,558.79, 54787999,666.48, 8852842,107.69,21309764,259.23, 33478235,407.26, 6016313,73.19,1997008,24.29, 839521,10.21,16115799,196.05,3526184,42.90,1667781,20.29, 5649290,68.72, 5013635, 60.99, 3044438,37.03,1556795,18.94,1309115,15.93, 7615751, 92.64, 5312730, 64.63, 3976482,48.37,  928165,  495375, 102430,  422205,  -36430, 8220458
"2002:Q3", 45006992,553.42, 53611808,659.23, 8604816,105.81,20847989,256.35, 32763819,402.87, 5819160,71.55,1951608,24.00, 834048,10.26,15749009,193.65,3490784,42.92,1608196,19.77, 5529454,67.99, 4726241, 58.12, 2836457,34.88,1476950,18.16,1286529,15.82, 7533775, 92.64, 5458421, 67.12, 3915991,48.15,-1098790,-1767761,  91314,  398272,  211278, 8132548
"2002:Q2", 46105783,570.55, 54487944,674.28, 8382161,103.73,20398153,252.42, 34089791,421.86, 5625040,69.61,1917644,23.73, 839477,10.39,15382630,190.36,3442989,42.61,1572534,19.46, 5438800,67.30, 5813972, 71.95, 3516487,43.52,1445210,17.88,1226955,15.18, 7448880, 92.18, 5354801, 66.26, 3844685,47.58, -594779,-1102256, 159293,  354105,   -6625, 8080919
"2002:Q1", 46700562,586.87, 54893303,689.83, 8192741,102.96,19994784,251.27, 34898519,438.56, 5448810,68.47,1883516,23.67, 860415,10.81,15027821,188.85,3398294,42.71,1568669,19.71, 5482336,68.89, 6467533, 81.28, 3965182,49.83,1326381,16.67,1186492,14.91, 7364121, 92.54, 5286075, 66.43, 3820399,48.01,  679153,  127753, -13975,  418976,  188005, 7957569
"2001:Q4", 46021409,593.37, 54079633,697.27, 8058224,103.90,19536847,251.90, 34542786,445.37, 5311785,68.49,1891827,24.39, 854612,11.02,14650451,188.89,3364300,43.38,1522096,19.63, 5412698,69.79, 6419347, 82.77, 3885615,50.10,1380925,17.80,1145923,14.77, 7279091, 93.85, 5240534, 67.57, 3778653,48.72, 1486303, 1149312, -70756,  299357,   60594, 7755899
"2001:Q3", 44535106,564.92, 52463698,665.49, 7928592,100.57,19181193,243.31, 33282505,422.18, 5197552,65.93,1814351,23.01, 916689,11.63,14303298,181.43,3311360,42.00,1566535,19.87, 5253374,66.64, 5709104, 72.42, 3446546,43.72,1472209,18.67,1125395,14.28, 7164731, 90.88, 5290465, 67.11, 3820681,48.46,-1039226,-1819161, 118896,  398430,  283106, 7883495
"2001:Q2", 45574332,591.61, 53249085,691.23, 7674753, 99.63,18747158,243.36, 34501927,447.87, 5050018,65.55,1784249,23.16, 840486,10.91,13925364,180.77,3278795,42.56,1542999,20.03, 5127136,66.56, 6846391, 88.87, 4128420,53.59,1347242,17.49,1131466,14.69, 7050237, 91.52, 5211187, 67.65, 3659847,47.51, 1284272,  779480, -45161,  412086,  162324, 7703502
"2001:Q1", 44290059,577.18, 51762564,674.56, 7472504, 97.38,18299071,238.47, 33463493,436.09, 4889625,63.72,1749724,22.80, 833156,10.86,13537735,176.42,3246748,42.31,1514588,19.74, 5094554,66.39, 6400397, 83.41, 3794935,49.46,1421034,18.52,1102835,14.37, 6934504, 90.37, 5093248, 66.37, 3621986,47.20, -198088,-1322394, -31544,  700652,  452211, 7673477
"2000:Q4", 44488148,588.73, 51903730,686.86, 7415582, 98.13,17549453,232.24, 34354277,454.62, 4805227,63.59,1741267,23.04, 869088,11.50,12834096,169.84,3201756,42.37,1513601,20.03, 4772783,63.16, 7171117, 94.90, 4346609,57.52,1495162,19.79,1060250,14.03, 6819813, 90.25, 5055405, 66.90, 3633138,48.08, -546797,-1445089, 113483,  423449,  392057, 7556664
"2000:Q3", 45034945,603.36, 52314744,700.89, 7279798, 97.53,17068688,228.68, 35246056,472.21, 4710446,63.11,1667073,22.33, 902280,12.09,12441344,166.68,3148175,42.18,1479169,19.82, 4588776,61.48, 8130203,108.93, 4832612,64.75,1378692,18.47,1063237,14.24, 6729633, 90.16, 4975557, 66.66, 3547345,47.53,  641669,  -96891,  -9079,  481145,  345874, 7464027
"2000:Q2", 44393276,606.50, 51488092,703.43, 7094816, 96.93,16539574,225.96, 34948518,477.47, 4598096,62.82,1601771,21.88, 894949,12.23,12039579,164.48,3104708,42.42,1395287,19.06, 4533316,61.93, 8248146,112.69, 4811561,65.74,1402994,19.17,1048014,14.32, 6639362, 90.71, 4784817, 65.37, 3480308,47.55,   66167, -602321, -37850,  523255,  257357, 7319561
"2000:Q1", 44327109,615.69, 51275758,712.20, 6948649, 96.51,15955002,221.61, 35320756,490.59, 4486213,62.31,1553765,21.58, 908671,12.62,11590598,160.99,3047919,42.33,1316485,18.29, 4555339,63.27, 8669358,120.41, 4992670,69.35,1425382,19.80,1063476,14.77, 6549104, 90.96, 4618162, 64.14, 3447265,47.88, 1059735,  719906,-138754,  351573,   83990, 7199618
"1999:Q4", 43267374,616.43, 50109455,713.91, 6842081, 97.48,15542198,221.43, 34567257,492.48, 4424263,63.03,1553622,22.13, 864196,12.31,11196005,159.51,2991093,42.61,1355100,19.31, 4441167,63.27, 8346196,118.91, 4595926,65.48,1559177,22.21,1068435,15.22, 6459488, 92.03, 4656539, 66.34, 3440329,49.01, 2540804, 2093777,-166186,  266998,  370378, 7019003
"1999:Q3", 40726570,591.32, 47396035,688.16, 6669464, 96.84,15230183,221.13, 32165852,467.03, 4341259,63.03,1511895,21.95, 816310,11.85,10953170,159.03,2950702,42.84,1326311,19.26, 4261727,61.88, 7032924,102.11, 3815421,55.40,1716828,24.93,1076969,15.64, 6367935, 92.46, 4604968, 66.86, 3289079,47.76,  -27786, -578970, -55158,  353191,  316656, 6887387
"1999:Q2", 40754356,599.18, 47262453,694.87, 6508097, 95.68,14827851,218.00, 32434602,476.86, 4223691,62.10,1471581,21.64, 812825,11.95,10663484,156.78,2904845,42.71,1259522,18.52, 4199582,61.74, 7394378,108.71, 4032937,59.29,1758861,25.86,1090095,16.03, 6276031, 92.27, 4428114, 65.10, 3254605,47.85, 1126949,  865904, -66587,  288951,   53485, 6801647
"1999:Q1", 39627408,586.32, 45979511,680.30, 6352103, 93.98,14491651,214.41, 31487860,465.89, 4127637,61.07,1442398,21.34, 782068,11.57,10389337,153.72,2861270,42.33,1241044,18.36, 4247619,62.85, 6849226,101.34, 3712185,54.92,1843715,27.28,1071828,15.86, 6184050, 91.50, 4336424, 64.16, 3242813,47.98,  312493,  128325, -23913,  168241,   11553, 6758699
"1998:Q4", 39314914,589.06, 45578763,682.91, 6263849, 93.85,14292512,214.15, 31286251,468.77, 4048590,60.66,1441272,21.59, 773987,11.60,10192809,152.72,2833763,42.46,1265940,18.97, 4205230,63.01, 6848005,102.60, 3585080,53.72,1873429,28.07,1066027,15.97, 6092214, 91.28, 4384837, 65.70, 3231429,48.42, 2069005, 1703291, -83826,  245328,  225988, 6674156
"1998:Q3", 37245910,563.72, 43362506,656.29, 6116596, 92.57,14006232,211.98, 29356274,444.31, 3956156,59.88,1400718,21.20, 759722,11.50, 9969257,150.88,2796729,42.33,1240246,18.77, 4035492,61.08, 5791394, 87.65, 2938401,44.47,1965875,29.75,1057407,16.00, 5995733, 90.75, 4362374, 66.02, 3209599,48.58, -652719,-1202296,  93101,  242100,  225263, 6607201
"1998:Q2", 37898629,581.08, 43898641,673.08, 6000012, 92.00,13731858,210.55, 30166783,462.54, 3879702,59.49,1367744,20.97, 752566,11.54, 9738045,149.31,2767708,42.44,1226105,18.80, 3962773,60.76, 6533839,100.18, 3398252,52.10,1892970,29.02,1037210,15.90, 5899143, 90.45, 4304601, 66.00, 3137995,48.11,  718786,  148865, 144213,  283047,  187333, 6522052
"1998:Q1", 37179844,579.09, 43039772,670.37, 5859929, 91.27,13417989,208.99, 29621784,461.37, 3801444,59.21,1324043,20.62, 734442,11.44, 9499670,147.96,2740061,42.68,1178258,18.35, 3952798,61.57, 6470255,100.78, 3312971,51.60,1785270,27.81,1000698,15.59, 5801374, 90.36, 4210806, 65.59, 3087612,48.09, 1640364, 1203195,  33039,  191768,  234749, 6420339
"1997:Q4", 35539480,565.36, 41342749,657.68, 5803270, 92.32,13201651,210.01, 28141098,447.67, 3746359,59.60,1344165,21.38, 712746,11.34, 9330289,148.43,2717961,43.24,1153401,18.35, 3899512,62.03, 5729508, 91.14, 2850523,45.35,1798092,28.60, 954837,15.19, 5704961, 90.75, 4164676, 66.25, 3038990,48.34,  630982,  106455,  73902,  195743,  333655, 6286188
"1997:Q3", 34908498,565.29, 40614888,657.70, 5706390, 92.41,12976917,210.14, 27637971,447.56, 3709280,60.07,1305805,21.15, 691305,11.19, 9213319,149.20,2689994,43.56,1073604,17.39, 3822804,61.90, 5595166, 90.61, 2878410,46.61,1755390,28.43, 923637,14.96, 5637173, 91.29, 4030809, 65.27, 2994582,48.49, 1033216,  665665,  66897,  148490,  182504, 6175301
"1997:Q2", 33875282,556.51, 39460464,648.27, 5585182, 91.75,12803428,210.34, 26657036,437.93, 3624587,59.55,1278038,21.00, 682557,11.21, 9095169,149.42,2666965,43.81,1041294,17.11, 3764815,61.85, 5247328, 86.20, 2560583,42.07,1736077,28.52, 876053,14.39, 5568870, 91.49, 3948322, 64.86, 2954988,48.55, 1393368, 1062449,  45101,  142903,  154237, 6087066
"1997:Q1", 32481914,539.56, 37970407,630.73, 5488494, 91.17,12648715,210.11, 25321692,420.62, 3573449,59.36,1254175,20.83, 660870,10.98, 8963588,148.90,2657044,44.14,1028083,17.08, 3751669,62.32, 4561540, 75.77, 2183923,36.28,1718360,28.54, 848668,14.10, 5500428, 91.37, 3879326, 64.44, 2877778,47.80,  310302,   76496,-133292,  133174,  292615, 6020067
"1996:Q4", 32171612,541.69, 37625145,633.51, 5453534, 91.82,12484792,210.21, 25140353,423.30, 3538631,59.58,1273878,21.45, 641024,10.79, 8889105,149.67,2627929,44.25, 967758,16.29, 3696880,62.25, 4511914, 75.97, 2157052,36.32,1853614,31.21, 846707,14.26, 5431839, 91.46, 3784996, 63.73, 2857352,48.11,  739947,  378285,  44486,  122030,  236164, 5939133
"1996:Q3", 31431665,535.53, 36783871,626.72, 5352206, 91.19,12339129,210.23, 24444742,416.49, 3489362,59.45,1229847,20.95, 632997,10.78, 8808093,150.07,2605175,44.39, 925861,15.77, 3656911,62.31, 4278287, 72.89, 2012394,34.29,1824145,31.08, 831689,14.17, 5363741, 91.39, 3703743, 63.10, 2773831,47.26,  315817,   83892,  24828,  108409,   99812, 5869286
"1996:Q2", 31115848,536.57, 36368938,627.15, 5253090, 90.59,12203295,210.44, 24165643,416.72, 3432208,59.19,1196579,20.63, 624303,10.77, 8700808,150.04,2578816,44.47, 923671,15.93, 3612903,62.30, 4291133, 74.00, 1915656,33.03,1814446,31.29, 816560,14.08, 5295375, 91.31, 3667267, 63.24, 2752303,47.46,  488244,  262185,  87103,  114167,   28810, 5799069
"1996:Q1", 30627604,536.48, 35779602,626.73, 5151998, 90.24,12072254,211.46, 23707348,415.26, 3378859,59.19,1162207,20.36, 610932,10.70, 8590662,150.48,2562443,44.88, 919149,16.10, 3624918,63.50, 4156730, 72.81, 1787875,31.32,1738152,30.45, 805751,14.11, 5226608, 91.55, 3626824, 63.53, 2740491,48.00,  551874,  278191, -26816,  108729,  199086, 5708977
"1995:Q4", 30075730,534.67, 35156262,624.99, 5080532, 90.32,11929586,212.08, 23226676,412.91, 3320508,59.03,1168160,20.77, 591864,10.52, 8489248,150.92,2529306,44.96, 911032,16.20, 3511733,62.43, 4029075, 71.63, 1637339,29.11,1774296,31.54, 796423,14.16, 5158201, 91.70, 3596531, 63.94, 2723078,48.41,  722879,  386917,  93978,   86345,  165874, 5625106
"1995:Q3", 29352850,527.09, 34337623,616.60, 4984773, 89.51,11818658,212.23, 22518965,404.38, 3290337,59.08,1109599,19.93, 584837,10.50, 8413137,151.08,2505024,44.98, 900497,16.17, 3465016,62.22, 3708740, 66.60, 1570757,28.21,1712474,30.75, 764267,13.72, 5084120, 91.30, 3549931, 63.75, 2663660,47.83,  458137,  419104,  51241,  -84917,   82962, 5568821
"1995:Q2", 28894714,525.70, 33765066,614.31, 4870352, 88.61,11881625,216.17, 21883441,398.14, 3238836,58.93,1063126,19.34, 568390,10.34, 8508308,154.80,2484332,45.20, 888985,16.17, 3453652,62.83, 3439588, 62.58, 1420805,25.85,1684922,30.66, 740579,13.47, 5009347, 91.14, 3490759, 63.51, 2643790,48.10,  604890,  337959,  -6309,   97093,  180135, 5496388
"1995:Q1", 28289824,519.13, 33067321,606.80, 4777497, 87.67,11759561,215.79, 21307760,391.00, 3192435,58.58,1024546,18.80, 560516,10.29, 8415203,154.42,2460696,45.15, 883662,16.22, 3381520,62.05, 3232041, 59.31, 1290393,23.68,1700132,31.20, 731677,13.43, 4934618, 90.55, 3449739, 63.30, 2587640,47.48,  566308,  315784, -11537,   58521,  208655, 5449491
"1994:Q4", 27723515,515.54, 32470240,603.81, 4746725, 88.27,11662709,216.88, 20807531,386.93, 3166443,58.88,1021168,18.99, 559114,10.40, 8361797,155.50,2424136,45.08, 876776,16.30, 3333555,61.99, 3013823, 56.04, 1192826,22.18,1726693,32.11, 716654,13.33, 4860375, 90.38, 3412896, 63.47, 2550709,47.43,  225631,   -5363, 100312,   79044,   62526, 5377530
"1994:Q3", 27497884,521.11, 32123524,608.76, 4625640, 87.66,11554846,218.97, 20568678,389.79, 3121545,59.16, 959953,18.19, 544142,10.31, 8293641,157.17,2396514,45.42, 864691,16.39, 3310803,62.74, 2972811, 56.34, 1239201,23.48,1584712,30.03, 758323,14.37, 4793473, 90.84, 3363983, 63.75, 2545373,48.24,  394408,  147724,  19988,  112821,  123518, 5276837
"1994:Q2", 27103476,520.37, 31639338,607.45, 4535862, 87.09,11403891,218.95, 20235447,388.51, 3075116,59.04, 918580,17.64, 542166,10.41, 8190463,157.25,2359614,45.30, 853814,16.39, 3293108,63.23, 2918843, 56.04, 1145445,21.99,1563651,30.02, 759395,14.58, 4726077, 90.74, 3314144, 63.63, 2514784,48.28,  210085,  -37448,  67718,  120320,   71722, 5208541
"1994:Q1", 26893390,524.39, 31343106,611.16, 4449716, 86.76,11248794,219.34, 20094312,391.82, 3029954,59.08, 883876,17.23, 535886,10.45, 8082369,157.60,2326158,45.36, 840267,16.38, 3340375,65.13, 2981974, 58.15, 1119762,21.83,1478246,28.82, 777082,15.15, 4659158, 90.85, 3246404, 63.30, 2491310,48.58,  147882, -128325,  25511,   86973,  175070, 5128478
"1993:Q4", 26745508,526.78, 31162342,613.78, 4416834, 86.99,11136594,219.35, 20025748,394.43, 2999676,59.08, 886169,17.45, 530989,10.46, 8006742,157.70,2302248,45.35, 827604,16.30, 3349230,65.97, 3110199, 61.26, 1119862,22.06,1404877,27.67, 824941,16.25, 4592055, 90.45, 3189144, 62.81, 2435440,47.97,  451521,  183338,  87321,  113807,   70140, 5077153
"1993:Q3", 26293987,524.49, 30616603,610.72, 4322616, 86.22,10984914,219.12, 19631689,391.60, 2958532,59.01, 842668,16.81, 521416,10.40, 7896020,157.50,2266067,45.20, 822827,16.41, 3346815,66.76, 2977689, 59.40, 1069035,21.32,1350993,26.95, 791504,15.79, 4528985, 90.34, 3150415, 62.84, 2416253,48.20,  431716,  194127,  38279,  119708,   83377, 5013209
"1993:Q2", 25862272,518.55, 30097869,603.48, 4235597, 84.93,10834811,217.24, 19263058,386.24, 2908346,58.31, 818662,16.41, 508589,10.20, 7780087,156.00,2236446,44.84, 818278,16.41, 3340909,66.99, 2874316, 57.63,  978281,19.62,1357446,27.22, 746772,14.97, 4465662, 89.54, 3102727, 62.21, 2396945,48.06,  289168,   66330,  19637,  108778,   93220, 4987377
"1993:Q1", 25573103,517.81, 29740320,602.19, 4167217, 84.38,10695116,216.56, 19045204,385.63, 2854704,57.80, 807262,16.35, 505251,10.23, 7670105,155.31,2206614,44.68, 818397,16.57, 3353817,67.91, 2877136, 58.26,  909131,18.41,1374195,27.83, 710386,14.38, 4402254, 89.14, 3067871, 62.12, 2350414,47.59,  335497,  140229,  80642,   16067,   96724, 4938702
"1992:Q4", 25237606,516.02, 29396744,601.06, 4159138, 85.04,10665051,218.06, 18731693,383.00, 2840903,58.09, 824769,16.86, 493466,10.09, 7652203,156.46,2193468,44.85, 819380,16.75, 3413479,69.79, 2810125, 57.46,  835913,17.09,1354900,27.70, 649039,13.27, 4338812, 88.71, 3030277, 61.96, 2299147,47.01,  599948,  407497,  33526,   75574,   70711, 4890790
"1992:Q3", 24637658,509.52, 28723528,594.02, 4085870, 84.50,10565839,218.51, 18157689,375.51, 2795879,57.82, 801933,16.58, 488058,10.09, 7563988,156.43,2171724,44.91, 830127,17.17, 3395382,70.22, 2478962, 51.27,  759579,15.71,1349588,27.91, 620826,12.84, 4238507, 87.65, 3041381, 62.90, 2273465,47.02,  383173,  127286,  55772,  103761,   84181, 4835461
"1992:Q2", 24254485,506.98, 28272495,590.97, 4018010, 83.99,10441606,218.26, 17830889,372.71, 2741243,57.30, 792332,16.56, 484436,10.13, 7448054,155.68,2153221,45.01, 840331,17.56, 3408751,71.25, 2388373, 49.92,  722882,15.11,1331652,27.83, 582989,12.19, 4137837, 86.49, 3030846, 63.35, 2227559,46.56,  118112,   -7564,  20751,   42102,   51416, 4784123
"1992:Q1", 24136373,512.62, 28110281,597.02, 3973908, 84.40,10376685,220.39, 17733596,376.64, 2708276,57.52, 793353,16.85, 472279,10.03, 7394546,157.05,2132204,45.29, 849935,18.05, 3453599,73.35, 2419593, 51.39,  699226,14.85,1348325,28.64, 545565,11.59, 4037086, 85.74, 3037106, 64.50, 2193096,46.58,    7999,  -57940,  10452,   51368,   -8474, 4708396
"1991:Q4", 24128374,525.61, 28081952,611.73, 3953578, 86.12,10308657,224.56, 17773295,387.17, 2667880,58.12, 815581,17.77, 470117,10.24, 7330585,159.69,2117447,46.13, 860625,18.75, 3570213,77.77, 2491325, 54.27,  685434,14.93,1316001,28.67, 567437,12.36, 3936501, 85.75, 3051493, 66.47, 2154890,46.94,  572982,  422386,  72864,   41122,   17537, 4590565
"1991:Q3", 23555392,520.90, 27425120,606.47, 3869727, 85.57,10251937,226.71, 17173182,379.76, 2614503,57.82, 802500,17.75, 452724,10.01, 7270390,160.78,2103475,46.52, 878072,19.42, 3554177,78.60, 2125661, 47.01,  628712,13.90,1303108,28.82, 507467,11.22, 3868334, 85.54, 3076154, 68.03, 2109569,46.65,  338391,  173258,  55163,   48884,   42391, 4522073
"1991:Q2", 23217002,518.88, 27044518,604.43, 3827517, 85.54,10181563,227.55, 16862956,376.88, 2590651,57.90, 801306,17.91, 435560, 9.73, 7202811,160.98,2083698,46.57, 895054,20.00, 3572460,79.84, 2001887, 44.74,  579229,12.95,1279269,28.59, 476143,10.64, 3799883, 84.92, 3084986, 68.95, 2069100,46.24,   84460,  -16546,  62608,   52306,  -17010, 4474407
"1991:Q1", 23132541,523.72, 26894692,608.89, 3762151, 85.17,10111638,228.93, 16783054,379.97, 2529691,57.27, 802207,18.16, 430253, 9.74, 7147403,161.82,2067784,46.81, 896451,20.30, 3639041,82.39, 2030476, 45.97,  567185,12.84,1241867,28.12, 450937,10.21, 3731375, 84.48, 3082413, 69.79, 2039760,46.18,  502954,  350878,   4613,   -3418,  146456, 4416999
"1990:Q4", 22629587,516.59, 26365818,601.89, 3736231, 85.29,10083770,230.19, 16282048,371.69, 2489811,56.84, 824391,18.82, 422029, 9.63, 7146396,163.14,2039042,46.55, 898332,20.51, 3578863,81.70, 1734697, 39.60,  512086,11.69,1277357,29.16, 410834, 9.38, 3663118, 83.62, 3094231, 70.64, 2010862,45.90,  455516,  245796,  94014,  -15791,  132035, 4380538
"1990:Q3", 22174071,508.79, 25843616,592.99, 3669545, 84.20,10074386,231.16, 15769230,361.83, 2447266,56.15, 812302,18.64, 409977, 9.41, 7162726,164.35,2016154,46.26, 895506,20.55, 3529279,80.98, 1539643, 35.33,  461344,10.59,1208729,27.73, 385447, 8.84, 3598294, 82.56, 3077697, 70.62, 1968797,45.17, -134582, -398281,  37690,   79548,  148445, 4358183
"1990:Q2", 22308653,518.46, 25914616,602.26, 3605963, 83.80, 9968788,231.68, 15945828,370.58, 2395917,55.68, 798712,18.56, 411334, 9.56, 7085162,164.66,1992387,46.30, 891239,20.71, 3491650,81.15, 1860586, 43.24,  538682,12.52,1171170,27.22, 385316, 8.95, 3533339, 82.12, 3045549, 70.78, 1919536,44.61,  291666,   93282,  49298,   71897,   76908, 4302906
"1990:Q1", 22016987,520.14, 25549842,603.60, 3532855, 83.46, 9869598,233.16, 15680244,370.44, 2335399,55.17, 792320,18.72, 405136, 9.57, 7012984,165.68,1966983,46.47, 889631,21.02, 3501766,82.73, 1800547, 42.54,  505439,11.94,1135031,26.81, 372157, 8.79, 3468392, 81.94, 3016395, 71.26, 1880517,44.43,   40675, -144085,   2521,    8303,  163572, 4232899
"1989:Q4", 21976312,530.94, 25440925,614.64, 3464613, 83.70, 9817681,237.19, 15623244,377.45, 2260582,54.61, 809285,19.55, 394746, 9.54, 6994317,168.98,1925583,46.52, 897781,21.69, 3473282,83.91, 1913688, 46.23,  536383,12.96,1141607,27.58, 363060, 8.77, 3403461, 82.23, 2996826, 72.40, 1794937,43.36,  397851,   81632,  14367,  111535,  200704, 4139149
"1989:Q3", 21578461,529.96, 24959574,613.00, 3381113, 83.04, 9674610,237.60, 15284964,375.39, 2211155,54.30, 784207,19.26, 385751, 9.47, 6893169,169.29,1896180,46.57, 885261,21.74, 3414617,83.86, 1835561, 45.08,  532878,13.09,1125573,27.64, 364727, 8.96, 3325195, 81.67, 2969622, 72.93, 1716791,42.16,  539847,  173882,  35639,  208241,  132221, 4071738
"1989:Q2", 21038614,523.17, 24335355,605.16, 3296741, 81.98, 9431993,234.55, 14903362,370.61, 2146955,53.39, 769617,19.14, 380169, 9.45, 6695064,166.49,1864020,46.35, 872909,21.71, 3357730,83.50, 1703438, 42.36,  491119,12.21,1099698,27.35, 354962, 8.83, 3246963, 80.74, 2954342, 73.47, 1695109,42.15,  427470,  121416,  40266,  145260,  132998, 4021334
"1989:Q1", 20611143,517.75, 23819436,598.35, 3208293, 80.59, 9256889,232.53, 14562547,365.81, 2089337,52.48, 753193,18.92, 365763, 9.19, 6562274,164.84,1836070,46.12, 858545,21.57, 3341618,83.94, 1622778, 40.76,  450363,11.31,1071643,26.92, 342751, 8.61, 3168303, 79.59, 2918621, 73.32, 1646470,41.36,  429893,   96950,  28696,  124719,  190099, 3980878
"1988:Q4", 20181251,518.33, 23344889,599.59, 3163638, 81.25, 9094409,233.58, 14250480,366.01, 2055294,52.79, 745206,19.14, 363138, 9.33, 6448126,165.61,1800326,46.24, 845957,21.73, 3308036,84.96, 1552536, 39.88,  423656,10.88,1040818,26.73, 344880, 8.86, 3090033, 79.36, 2877592, 73.91, 1612929,41.43,  491270,  115052,  83752,  120694,  184007, 3893495
"1988:Q3", 19689980,515.70, 22779036,596.61, 3089056, 80.91, 8929484,233.87, 13849552,362.73, 2000012,52.38, 725838,19.01, 363206, 9.51, 6339667,166.04,1758374,46.05, 831443,21.78, 3243284,84.95, 1431896, 37.50,  429244,11.24, 955112,25.02, 346834, 9.08, 3040535, 79.63, 2842805, 74.46, 1559843,40.85,  319237,   10897,  45388,  137021,  136550, 3818096
"1988:Q2", 19370743,518.82, 22378741,599.38, 3007998, 80.56, 8751511,234.40, 13627230,364.99, 1942504,52.03, 710128,19.02, 355366, 9.52, 6213264,166.41,1719034,46.04, 819213,21.94, 3202312,85.77, 1402012, 37.55,  448231,12.01, 910451,24.39, 346107, 9.27, 2990833, 80.11, 2812746, 75.34, 1514538,40.56,  429667,   95943,  30764,  196746,  117232, 3733634
"1988:Q1", 18941076,518.78, 21863260,598.81, 2922185, 80.04, 8514062,233.19, 13349198,365.62, 1875971,51.38, 693732,19.00, 352482, 9.65, 6027537,165.09,1680098,46.02, 806427,22.09, 3178215,87.05, 1319317, 36.13,  434982,11.91, 884385,24.22, 341408, 9.35, 2940941, 80.55, 2777692, 76.08, 1472258,40.32,  504738,  133736,  -5721,  154582,  235343, 3651096
"1987:Q4", 18436338,517.31, 21313607,598.05, 2877269, 80.73, 8330141,233.74, 12983466,364.31, 1829012,51.32, 698640,19.60, 349617, 9.81, 5886157,165.16,1652662,46.37, 791322,22.20, 3097550,86.92, 1210754, 33.97,  409810,11.50, 887367,24.90, 344147, 9.66, 2891105, 81.12, 2733333, 76.70, 1409400,39.55,  -66508, -382439,  -5866,  105220,  227558, 3563869
"1987:Q3", 18502846,531.21, 21311983,611.86, 2809137, 80.65, 8195217,235.28, 13116766,376.58, 1802929,51.76, 679637,19.51, 326571, 9.38, 5791918,166.28,1625126,46.66, 778173,22.34, 3017088,86.62, 1501900, 43.12,  501102,14.39, 881224,25.30, 356156,10.23, 2843112, 81.63, 2696524, 77.42, 1319660,37.89,  412059,   94807,  42964,  147663,  135179, 3483129
"1987:Q2", 18090787,533.72, 20822147,614.30, 2731360, 80.58, 8009484,236.30, 12812663,378.00, 1752706,51.71, 660313,19.48, 318341, 9.39, 5652809,166.77,1588428,46.86, 768247,22.66, 2966795,87.53, 1440409, 42.50,  467786,13.80, 832316,24.56, 362100,10.68, 2795198, 82.46, 2675853, 78.94, 1272205,37.53,  287140,    5859,  50889,  153270,   85048, 3389595
"1987:Q1", 17803647,524.83, 20441722,602.59, 2638075, 77.77, 7820609,230.54, 12621113,372.05, 1681564,49.57, 644317,18.99, 312194, 9.20, 5507465,162.35,1554150,45.81, 758994,22.37, 2923325,86.18, 1469527, 43.32,  432809,12.76, 775806,22.87, 367721,10.84, 2747175, 80.98, 2657069, 78.33, 1247681,36.78,  623290,  295552,  60604,  143152,  130588, 3392286
"1986:Q4", 17180357,515.00, 19812955,593.92, 2632598, 78.92, 7644160,229.14, 12168795,364.78, 1649024,49.43, 666355,19.97, 317219, 9.51, 5370919,161.00,1522384,45.64, 750857,22.51, 2934555,87.97, 1249742, 37.46,  357042,10.70, 767522,23.01, 315401, 9.45, 2699044, 80.91, 2626879, 78.74, 1218610,36.53,  568188,  178278,  64585,  138535,  196249, 3335966
"1986:Q3", 16612169,501.05, 19157609,577.83, 2545440, 76.78, 7464725,225.15, 11692884,352.68, 1587994,47.90, 649888,19.60, 307558, 9.28, 5241843,158.10,1482695,44.72, 740187,22.33, 2837033,85.57, 1087234, 32.79,  341272,10.29, 736710,22.22, 281628, 8.49, 2647671, 79.86, 2599523, 78.41, 1161813,35.04,  183211, -147401,  26694,  152137,  161227, 3315453
"1986:Q2", 16428958,500.92, 18887909,575.90, 2458951, 74.97, 7264499,221.50, 11623410,354.40, 1525857,46.52, 627891,19.14, 305203, 9.31, 5099152,155.47,1436036,43.79, 729311,22.24, 2767522,84.38, 1206194, 36.78,  369713,11.27, 740841,22.59, 250803, 7.65, 2596161, 79.16, 2565484, 78.22, 1126692,34.35,  377019,   58609,  38252,  152267,  137084, 3279727
"1986:Q1", 16051939,495.06, 18445192,568.87, 2393253, 73.81, 7076987,218.26, 11368205,350.61, 1476952,45.55, 606799,18.71, 309502, 9.55, 4956078,152.85,1402292,43.25, 718617,22.16, 2707029,83.49, 1161103, 35.81,  356195,10.99, 729466,22.50, 223925, 6.91, 2544588, 78.48, 2544918, 78.49, 1100980,33.96,  502927,  168263,  44184,  113573,  186241, 3242404
"1985:Q4", 15549012,489.50, 17918173,564.08, 2369161, 74.58, 6937161,218.39, 10981012,345.69, 1450249,45.66, 610574,19.22, 308338, 9.71, 4851839,152.74,1377130,43.35, 708192,22.29, 2654046,83.55, 1033079, 32.52,  315956, 9.95, 718491,22.62, 190717, 6.00, 2492396, 78.46, 2508613, 78.97, 1067714,33.61,  503985,  212183,  67834,  177633,   56519, 3176512
"1985:Q3", 15045027,482.19, 17300715,554.48, 2255688, 72.29, 6732066,215.76, 10568649,338.72, 1402164,44.94, 585905,18.78, 267619, 8.58, 4684390,150.13,1350612,43.29, 697064,22.34, 2628645,84.25,  880000, 28.20,  256853, 8.23, 684985,21.95, 156389, 5.01, 2439694, 78.19, 2446742, 78.42, 1075342,34.46,  205792,  -75339,  45988,  184851,   58876, 3120151
"1985:Q2", 14839235,478.00, 17002913,547.70, 2163678, 69.70, 6521392,210.07, 10481521,337.63, 1343287,43.27, 559592,18.03, 260799, 8.40, 4508123,145.22,1325633,42.70, 687636,22.15, 2591197,83.47,  948347, 30.55,  263844, 8.50, 653775,21.06, 141611, 4.56, 2386897, 76.89, 2434438, 78.42, 1061412,34.19,  339841,   58985,  30004,  169604,   87866, 3104431
"1985:Q1", 14499394,480.24, 16587479,549.40, 2088085, 69.16, 6324809,209.48, 10262670,339.91, 1304981,43.22, 536023,17.75, 247081, 8.18, 4345136,143.92,1299468,43.04, 680205,22.53, 2548692,84.42,  895484, 29.66,  257722, 8.54, 639720,21.19, 125662, 4.16, 2334086, 77.31, 2448781, 81.11, 1012522,33.54,  401904,   84943,  82540,  143895,   98675, 3019219
"1984:Q4", 14097490,471.29, 16111337,538.62, 2013847, 67.32, 6150304,205.61,  9961033,333.01, 1243294,41.56, 526584,17.60, 243969, 8.16, 4209390,140.72,1269583,42.44, 671331,22.44, 2503632,83.70,  847020, 28.32,  221243, 7.40, 568561,19.01, 114281, 3.82, 2280438, 76.24, 2445060, 81.74,  980798,32.79,  289785,    7166,   5562,  131935,  155289, 2991250
"1984:Q3", 13807705,468.29, 15754472,534.32, 1946767, 66.03, 5993672,203.28,  9760800,331.04, 1211497,41.09, 501839,17.02, 233431, 7.92, 4087621,138.63,1245869,42.25, 660182,22.39, 2394119,81.20,  849182, 28.80,  211915, 7.19, 570403,19.35, 106877, 3.62, 2230532, 75.65, 2439217, 82.73,  958554,32.51,  335927,   54607,  44267,  143929,  103423, 2948522
"1984:Q2", 13471778,466.44, 15362808,531.91, 1891030, 65.47, 5826507,201.73,  9536301,330.18, 1177677,40.78, 479799,16.61, 233554, 8.09, 3953991,136.90,1223634,42.37, 648882,22.47, 2343155,81.13,  814943, 28.22,  191548, 6.63, 534806,18.52,  98207, 3.40, 2180521, 75.50, 2442994, 84.58,  930127,32.20,  231321,  -71652,  56556,  148424,  108265, 2888212
"1984:Q1", 13240457,470.34, 15066481,535.21, 1826024, 64.87, 5648683,200.66,  9417798,334.55, 1144101,40.64, 452010,16.06, 229913, 8.17, 3815839,135.55,1195187,42.46, 637657,22.65, 2263702,80.41,  877756, 31.18,  200387, 7.12, 479594,17.04,  96863, 3.44, 2129056, 75.63, 2453507, 87.16,  916934,32.57,  259470,  -60171,  28791,  183222,  114477, 2815063
"1983:Q4", 12980987,475.06, 14774639,540.71, 1793652, 65.64, 5444411,199.25,  9330228,341.46, 1116384,40.86, 444878,16.28, 232390, 8.50, 3639466,133.19,1175092,43.00, 629853,23.05, 2200730,80.54,  939597, 34.39,  198717, 7.27, 456251,16.70,  91415, 3.35, 2078314, 76.06, 2446924, 89.55,  918280,33.61,  100593,  -56332,  -6767,   54592,  118851, 2732466
"1983:Q3", 12880394,484.81, 14611446,549.97, 1731052, 65.16, 5365336,201.95,  9246110,348.02, 1087568,40.94, 420612,15.83, 222872, 8.39, 3594626,135.30,1151849,43.36, 618861,23.29, 2156105,81.16,  996472, 37.51,  198173, 7.46, 467118,17.58,  87315, 3.29, 2028525, 76.35, 2415705, 90.93,  896697,33.75,  158462,  -33281,  44953,   54727,  100338, 2656772
"1983:Q2", 12721933,492.37, 14395172,557.12, 1673239, 64.76, 5290283,204.75,  9104889,352.38, 1053751,40.78, 403838,15.63, 215650, 8.35, 3548174,137.32,1132479,43.83, 609630,23.59, 2099980,81.27, 1029505, 39.84,  198422, 7.68, 426767,16.52,  82713, 3.20, 1979713, 76.62, 2406290, 93.13,  881499,34.12,  296768,  133691,  34292,   52438,   81230, 2583834
"1983:Q1", 12425165,488.74, 14047304,552.55, 1622139, 63.81, 5221901,205.40,  8825403,347.15, 1026258,40.37, 391910,15.42, 203971, 8.02, 3500620,137.70,1117313,43.95, 603968,23.76, 2061775,81.10,  923495, 36.33,  170740, 6.72, 397688,15.64,  77500, 3.05, 1929481, 75.90, 2410897, 94.83,  853826,33.59,  340918,   99021,  22651,   58016,  165999, 2542271
"1982:Q4", 12084247,484.04, 13713199,549.29, 1628952, 65.25, 5148139,206.21,  8565060,343.08, 1031175,41.30, 396718,15.89, 201059, 8.05, 3447373,138.09,1102424,44.16, 598342,23.97, 2004698,80.30,  845288, 33.86,  149926, 6.01, 379590,15.20,  72948, 2.92, 1880187, 75.31, 2388486, 95.67,  843937,33.80,  319425,  169743,   -103,   40994,  112252, 2496537
"1982:Q3", 11764821,478.18, 13359070,542.98, 1594249, 64.80, 5096982,207.17,  8262088,335.81, 1017736,41.37, 386815,15.72, 189698, 7.71, 3409839,138.59,1093074,44.43, 594069,24.15, 1943560,79.00,  692346, 28.14,  133125, 5.41, 383072,15.57,  69569, 2.83, 1838181, 74.71, 2384818, 96.93,  817417,33.22,  218705,   60320,  35626,   13275,  115463, 2460346
"1982:Q2", 11546116,479.13, 13130392,544.87, 1584275, 65.74, 5075194,210.61,  8055198,334.27, 1019260,42.30, 380887,15.81, 184128, 7.64, 3402543,141.20,1085441,45.04, 587210,24.37, 1881494,78.08,  650001, 26.97,  115150, 4.78, 350391,14.54,  66624, 2.76, 1796043, 74.53, 2389922, 99.17,  805572,33.43,  139476,  -27377,  18911,   31480,  125124, 2409803
"1982:Q1", 11406640,480.85, 12966703,546.61, 1560063, 65.76, 5030489,212.06,  7936214,334.55, 1007909,42.49, 373537,15.75, 178617, 7.53, 3379724,142.47,1073389,45.25, 577376,24.34, 1828668,77.09,  677657, 28.57,  114872, 4.84, 334271,14.09,  63833, 2.69, 1752407, 73.87, 2378744,100.28,  785762,33.12,  147686, -125973,  22695,  100040,  164201, 2372184
"1981:Q4", 11258954,481.77, 12814949,548.35, 1555995, 66.58, 4916768,210.39,  7898181,337.96,  998261,42.72, 377882,16.17, 179852, 7.70, 3292960,140.90,1060779,45.39, 563029,24.09, 1776255,76.01,  800923, 34.27,  117579, 5.03, 314754,13.47,  60655, 2.60, 1710221, 73.18, 2345338,100.36,  772456,33.05,  313788,   70827,  11870,   60563,  181500, 2337014
"1981:Q3", 10945166,475.85, 12469682,542.13, 1524516, 66.28, 4842006,210.51,  7627676,331.62,  981849,42.69, 371928,16.17, 170739, 7.42, 3243369,141.01,1047927,45.56, 550710,23.94, 1685555,73.28,  737934, 32.08,  109741, 4.77, 306752,13.34,  56788, 2.47, 1670141, 72.61, 2308707,100.37,  752059,32.70,  105608, -157125,  21894,  106077,  142715, 2300120
"1981:Q2", 10839558,489.27, 12333086,556.68, 1493528, 67.41, 4715758,212.86,  7617328,343.82,  964154,43.52, 361610,16.32, 167764, 7.57, 3145246,141.97,1029018,46.45, 541494,24.44, 1621648,73.20,  882884, 39.85,  121915, 5.50, 286657,12.94,  54988, 2.48, 1630230, 73.58, 2281104,102.96,  737901,33.31,  285976,  -20960,   6234,  178305,  132230, 2215467
"1981:Q1", 10553582,484.76, 12009710,551.65, 1456128, 66.88, 4514682,207.37,  7495028,344.27,  940590,43.20, 353902,16.26, 161636, 7.42, 2976773,136.73,1007783,46.29, 530126,24.35, 1582832,72.70,  901836, 41.42,  123923, 5.69, 283192,13.01,  52220, 2.40, 1588831, 72.98, 2239466,102.87,  722728,33.20,  194129,    1422,   3745,   45184,  155350, 2177067
"1980:Q4", 10359452,487.32, 11806335,555.39, 1446883, 68.06, 4451130,209.39,  7355205,346.00,  926526,43.59, 358044,16.84, 162313, 7.64, 2943161,138.45, 990869,46.61, 517100,24.33, 1542602,72.57,  901755, 42.42,  122582, 5.77, 281524,13.24,  50142, 2.36, 1548800, 72.86, 2187650,102.91,  720149,33.88,  321324,  102794,  10051,   59694,  163364, 2125789
"1980:Q3", 10038129,490.37, 11442562,558.98, 1404433, 68.61, 4369625,213.46,  7072937,345.52,  901374,44.03, 350336,17.11, 152723, 7.46, 2898047,141.57, 970394,47.40, 501184,24.48, 1495267,73.05,  809262, 39.53,  112281, 5.49, 273129,13.34,  48486, 2.37, 1511893, 73.86, 2116174,103.38,  706444,34.51,  391141,  102454,   7940,  124751,  167658, 2047035
"1980:Q2",  9646988,487.57, 11015422,556.73, 1368434, 69.16, 4223728,213.47,  6791694,343.26,  873960,44.17, 345637,17.47, 148837, 7.52, 2784958,140.75, 950756,48.05, 488014,24.66, 1445181,73.04,  718134, 36.30,  100956, 5.10, 267547,13.52,  46128, 2.33, 1475421, 74.57, 2051923,103.71,  686405,34.69,  346151,  102106,   6780,   86776,  161603, 1978594
"1980:Q1",  9300837,477.36, 10651022,546.66, 1350185, 69.30, 4113142,211.11,  6537880,335.56,  856228,43.95, 349662,17.95, 144295, 7.41, 2709296,139.05, 928540,47.66, 475306,24.39, 1406373,72.18,  627160, 32.19,   89824, 4.61, 264796,13.59,  42099, 2.16, 1437631, 73.79, 1994158,102.35,  675840,34.69,  204441,  -64673,  19288,  116504,  143800, 1948375
"1979:Q4",  9096396,482.73, 10417567,552.84, 1321171, 70.11, 3961948,210.25,  6455619,342.59,  826724,43.87, 354616,18.82, 139831, 7.42, 2603271,138.15, 895576,47.53, 463101,24.58, 1375945,73.02,  684612, 36.33,   97045, 5.15, 248667,13.20,  38939, 2.07, 1401056, 74.35, 1944219,103.18,  665136,35.30,  270483,   32168,  35495,   88962,  126943, 1884378
"1979:Q3",  8825913,480.70, 10101617,550.18, 1275704, 69.48, 3845262,209.43,  6256355,340.75,  795927,43.35, 341528,18.60, 138249, 7.53, 2527395,137.65, 869110,47.34, 448757,24.44, 1353202,73.70,  652390, 35.53,   97098, 5.29, 212587,11.58,  39524, 2.15, 1373132, 74.79, 1883998,102.61,  644424,35.10,  279321,   44495,   4800,  104456,  141013, 1836048
"1979:Q2",  8546592,479.28,  9771889,548.00, 1225297, 68.71, 3717513,208.47,  6054376,339.52,  763421,42.81, 327319,18.36, 134557, 7.55, 2438382,136.74, 847060,47.50, 432071,24.23, 1312035,73.58,  613786, 34.42,   91207, 5.11, 209719,11.76,  37592, 2.11, 1345725, 75.47, 1816155,101.85,  628158,35.23,  275795,   12930,  16734,  128343,  132603, 1783199
"1979:Q1",  8270796,472.20,  9448538,539.44, 1177742, 67.24, 3561950,203.36,  5886588,336.08,  733605,41.88, 313819,17.92, 130318, 7.44, 2324853,132.73, 821082,46.88, 416015,23.75, 1281851,73.18,  602005, 34.37,   90058, 5.14, 195287,11.15,  35289, 2.01, 1316942, 75.19, 1750403, 99.93,  614752,35.10,  315194,   42428,  13349,  126725,  145440, 1751557
"1978:Q4",  7955603,468.32,  9105801,536.03, 1150198, 67.71, 3407984,200.62,  5697817,335.41,  708641,41.72, 311305,18.33, 130252, 7.67, 2210877,130.15, 795098,46.81, 402009,23.67, 1259215,74.13,  567841, 33.43,   81794, 4.81, 183302,10.79,  33925, 2.00, 1289528, 75.91, 1675018, 98.60,  607194,35.74,  181907,  -32179,    618,   93525,  131633, 1698742
"1978:Q3",  7773696,469.34,  8881371,536.21, 1107675, 66.88, 3288652,198.55,  5592719,337.66,  678951,40.99, 298022,17.99, 130702, 7.89, 2129042,128.54, 770497,46.52, 389113,23.49, 1236176,74.63,  594913, 35.92,   86902, 5.25, 183008,11.05,  33602, 2.03, 1263770, 76.30, 1616961, 97.62,  577388,34.86,  246131,   44397,   6590,   91734,  113994, 1656310
"1978:Q2",  7527565,466.06,  8587671,531.70, 1060106, 65.64, 3172605,196.43,  5415066,335.27,  648036,40.12, 284526,17.62, 127544, 7.90, 2047892,126.79, 747344,46.27, 377369,23.36, 1203902,74.54,  559106, 34.62,   78312, 4.85, 176570,10.93,  33450, 2.07, 1238585, 76.69, 1562984, 96.77,  562158,34.81,  246728,   40878,   3255,  105861,  107868, 1615146
"1978:Q1",  7280838,464.91,  8290584,529.38, 1009747, 64.48, 3042463,194.27,  5248122,335.11,  621021,39.65, 266971,17.05, 121755, 7.77, 1953165,124.72, 724166,46.24, 365132,23.31, 1176761,75.14,  525569, 33.56,   70971, 4.53, 174329,11.13,  32436, 2.07, 1211801, 77.38, 1505374, 96.12,  550881,35.18,  173256,  -36304,   5970,   75087,  137231, 1566088
"1977:Q4",  7107581,464.89,  8094419,529.43,  986838, 64.55, 2947334,192.78,  5147085,336.66,  602997,39.44, 264892,17.33, 118949, 7.78, 1886806,123.41, 705116,46.12, 355412,23.25, 1146108,74.96,  559025, 36.56,   73819, 4.83, 169259,11.07,  31535, 2.06, 1186319, 77.59, 1443282, 94.40,  537737,35.17,  157181,  -32641,   5604,   86196,  106765, 1528880
"1977:Q3",  6950400,469.88,  7899404,534.03,  949004, 64.16, 2839343,191.95,  5060061,342.08,  579911,39.20, 252953,17.10, 116140, 7.85, 1809353,122.32, 684267,46.26, 345723,23.37, 1121835,75.84,  591498, 39.99,   73987, 5.00, 164979,11.15,  30211, 2.04, 1163895, 78.68, 1392179, 94.12,  521477,35.25,  139375,  -33416,   3837,   77538,  100233, 1479197
"1977:Q2",  6811026,473.87,  7721846,537.24,  910820, 63.37, 2742979,190.84,  4978866,346.40,  554091,38.55, 242048,16.84, 114681, 7.98, 1740633,121.10, 666297,46.36, 336049,23.38, 1088395,75.72,  622067, 43.28,   76834, 5.35, 162772,11.32,  28581, 1.99, 1141683, 79.43, 1347786, 93.77,  510749,35.53,  179279,   16354,  -2675,   98212,   74969, 1437330
"1977:Q1",  6631746,473.69,  7503834,535.98,  872087, 62.29, 2630011,187.86,  4873822,348.13,  531310,37.95, 229155,16.37, 111622, 7.97, 1650002,117.86, 652321,46.59, 327688,23.41, 1064559,76.04,  608789, 43.48,   73758, 5.27, 167399,11.96,  26629, 1.90, 1118151, 79.87, 1314418, 93.89,  500120,35.72,  109080,  -62018,   1352,   69333,  109722, 1400016
"1976:Q4",  6522666,475.36,  7377973,537.70,  855307, 62.33, 2543119,185.34,  4834854,352.36,  517073,37.68, 228961,16.69, 109273, 7.96, 1589977,115.88, 635521,46.32, 317621,23.15, 1029651,75.04,  664031, 48.39,   80534, 5.87, 166903,12.16,  25773, 1.88, 1095899, 79.87, 1279515, 93.25,  492548,35.90,  168074,   25330,   2783,   53464,   91747, 1372140
"1976:Q3",  6354592,473.43,  7181765,535.05,  827173, 61.63, 2471455,184.13,  4710310,350.92,  501121,37.33, 220688,16.44, 105364, 7.85, 1541764,114.86, 618240,46.06, 311451,23.20, 1002585,74.69,  640103, 47.69,   79131, 5.90, 164811,12.28,  25082, 1.87, 1080833, 80.52, 1241277, 92.48,  476488,35.50,  115776,    9820,   4672,   36724,   69668, 1342259
"1976:Q2",  6238816,475.56,  7040830,536.69,  802013, 61.13, 2420317,184.49,  4620512,352.20,  483990,36.89, 213148,16.25, 104875, 7.99, 1510149,115.11, 604643,46.09, 305525,23.29,  980486,74.74,  629097, 47.95,   80317, 6.12, 160383,12.23,  24838, 1.89, 1066239, 81.27, 1212596, 92.43,  466557,35.56,  176658,   18928,   3732,   71903,   88234, 1311899
"1976:Q1",  6062159,468.62,  6837420,528.55,  775261, 59.93, 2335041,180.51,  4502379,348.05,  469994,36.33, 204908,15.84, 100359, 7.76, 1444386,111.66, 592015,45.76, 298640,23.09,  951673,73.57,  610222, 47.17,   80264, 6.20, 157362,12.16,  24127, 1.87, 1050169, 81.18, 1169742, 90.42,  458821,35.47,  200234,   96785,  -2314,   33728,   75035, 1293610
"1975:Q4",  5861925,463.70,  6627656,524.27,  765731, 60.57, 2286518,180.87,  4341138,343.40,  459087,36.32, 206996,16.37,  99648, 7.88, 1413658,111.83, 577996,45.72, 294864,23.32,  927696,73.38,  523873, 41.44,   69828, 5.52, 160264,12.68,  23539, 1.86, 1035177, 81.89, 1149590, 90.94,  451171,35.69,  166905,   43647,  11470,   41870,   72698, 1264165
"1975:Q3",  5695020,461.64,  6437033,521.79,  742013, 60.15, 2228768,180.66,  4208265,341.12,  446324,36.18, 201183,16.31,  94506, 7.66, 1374568,111.42, 562756,45.62, 291444,23.62,  905665,73.41,  486024, 39.40,   64030, 5.19, 149621,12.13,  22711, 1.84, 1013762, 82.18, 1128210, 91.45,  438242,35.52,   -4540,  -80173,  16283,     309,   60911, 1233647
"1975:Q2",  5699559,463.80,  6421489,522.55,  721930, 58.75, 2216133,180.34,  4205356,342.21,  434575,35.36, 195933,15.94,  91422, 7.44, 1376129,111.98, 551050,44.84, 288954,23.51,  888178,72.27,  556835, 45.31,   73392, 5.97, 134616,10.95,  21433, 1.74,  992551, 80.77, 1109652, 90.30,  428699,34.89,  233263,   82680,   -306,   59169,   95402, 1228887
"1975:Q1",  5466296,471.06,  6174196,532.06,  707900, 61.00, 2142403,184.62,  4031793,347.44,  424313,36.57, 195912,16.88,  87675, 7.56, 1320641,113.81, 537379,46.31, 284383,24.51,  859589,74.07,  485182, 41.81,   62366, 5.37, 136156,11.73,  20199, 1.74,  970111, 83.60, 1079880, 93.06,  418310,36.05,  253234,  107460,  -1589,   65162,   87862, 1160434
"1974:Q4",  5213063,456.94,  5921639,519.05,  708576, 62.11, 2064417,180.95,  3857222,338.10,  419339,36.76, 201926,17.70,  87311, 7.65, 1261141,110.54, 525671,46.08, 277605,24.33,  842908,73.88,  391408, 34.31,   48679, 4.27, 138999,12.18,  18945, 1.66,  948607, 83.15, 1051037, 92.13,  416638,36.52,  138603,     830,  10103,   42290,   95109, 1140869
"1974:Q3",  5074460,455.44,  5769846,517.85,  695386, 62.41, 2002021,179.68,  3767825,338.17,  411381,36.92, 201241,18.06,  82764, 7.43, 1228579,110.27, 506982,45.50, 266460,23.92,  822760,73.84,  395668, 35.51,   43590, 3.91, 129895,11.66,  17947, 1.61,  927519, 83.25, 1020046, 91.55,  410401,36.83,  -40122, -157824,  -9409,   13921,  123439, 1114191
"1974:Q2",  5114582,471.83,  5791549,534.28,  676967, 62.45, 1962169,181.01,  3829380,353.27,  400439,36.94, 196777,18.15,  79751, 7.36, 1224908,113.00, 482332,44.50, 254929,23.52,  813250,75.02,  537817, 49.61,   59265, 5.47, 140069,12.92,  17181, 1.59,  906585, 83.63,  977980, 90.22,  377233,34.80,  -17241,  -81148,   -278,    -901,   74141, 1083985
"1974:Q1",  5131823,482.30,  5787999,543.97,  656176, 61.67, 1944362,182.73,  3843637,361.23,  389858,36.64, 190460,17.90,  75858, 7.13, 1234864,116.05, 464644,43.67, 244854,23.01,  796820,74.89,  612434, 57.56,   65795, 6.18, 140679,13.22,  16849, 1.58,  884470, 83.12,  957696, 90.01,  368893,34.67,   30787,  -36162,   8293,  -10246,   75201, 1064035
"1973:Q4",  5101037,485.49,  5752964,547.54,  651927, 62.05, 1943148,184.94,  3809816,362.60,  382218,36.38, 192980,18.37,  76729, 7.30, 1251410,119.10, 454032,43.21, 237706,22.62,  778900,74.13,  647173, 61.59,   67218, 6.40, 133185,12.68,  16050, 1.53,  863344, 82.17,  938099, 89.28,  365847,34.82,  -36603, -147426,   1811,   42348,   74499, 1050700
"1973:Q3",  5137640,504.47,  5773154,566.87,  635514, 62.40, 1891184,185.70,  3881970,381.17,  372134,36.54, 186695,18.33,  76685, 7.53, 1216897,119.49, 445037,43.70, 229250,22.51,  760116,74.64,  785638, 77.14,   76179, 7.48, 131476,12.91,  15948, 1.57,  850160, 83.48,  904990, 88.86,  357463,35.10,  182518,   48022,  11191,   60585,   71261, 1018430
"1973:Q2",  4955122,497.66,  5571543,559.57,  616421, 61.91, 1819083,182.70,  3752460,376.87,  361814,36.34, 180398,18.12,  74209, 7.45, 1164853,116.99, 434179,43.61, 220051,22.10,  746664,74.99,  744351, 74.76,   69444, 6.97, 121039,12.16,  15194, 1.53,  837139, 84.08,  863380, 86.71,  355249,35.68,   39785,  -75050,   1087,   46984,   74029,  995679
"1973:Q1",  4915337,507.43,  5512850,569.11,  597513, 61.68, 1758656,181.55,  3754194,387.56,  351550,36.29, 171528,17.71,  74435, 7.68, 1125134,116.15, 421387,43.50, 212135,21.90,  729042,75.26,  812281, 83.85,   76564, 7.90, 120345,12.42,  14802, 1.53,  823141, 84.98,  829888, 85.67,  348131,35.94,   25559,  -78454,   6404,   32040,   71099,  968678
"1972:Q4",  4889778,514.79,  5475169,576.42,  585391, 61.63, 1714199,180.47,  3760970,395.95,  343552,36.17, 168757,17.77,  73082, 7.69, 1098624,115.66, 409508,43.11, 206067,21.69,  708033,74.54,  882122, 92.87,   85177, 8.97, 114853,12.09,  13890, 1.46,  810028, 85.28,  802060, 84.44,  344807,36.30,  246320,  123993,  -1523,   58141,   71879,  949861
"1972:Q3",  4643458,512.61,  5210151,575.17,  566693, 62.56, 1649560,182.10,  3560591,393.07,  334408,36.92, 161529,17.83,  70756, 7.81, 1046653,115.54, 403459,44.54, 199448,22.02,  683906,75.50,  764315, 84.38,   78991, 8.72, 116679,12.88,  13587, 1.50,  788043, 87.00,  776759, 85.75,  338311,37.35,  125002,   19360,   1670,   40025,   68969,  905843
"1972:Q2",  4518456,512.99,  5069698,575.57,  551242, 62.58, 1600621,181.72,  3469077,393.85,  324462,36.84, 156222,17.74,  70558, 8.01, 1011650,114.85, 394987,44.84, 193984,22.02,  660025,74.93,  744860, 84.56,   79086, 8.98, 116026,13.17,  12570, 1.43,  766098, 86.98,  756529, 85.89,  333884,37.91,   64997,   -4087,  -2398,   21255,   54831,  880815
"1972:Q1",  4453459,513.81,  4984763,575.11,  531304, 61.30, 1570853,181.23,  3413910,393.87,  316038,36.46, 148847,17.17,  66419, 7.66,  994999,114.80, 386930,44.64, 188924,21.80,  641738,74.04,  748641, 86.37,   79391, 9.16, 118766,13.70,  12228, 1.41,  743271, 85.75,  742586, 85.67,  327288,37.76,  159044,   45324,   1632,   43515,   74323,  866754
"1971:Q4",  4294415,502.96,  4818473,564.34,  524058, 61.38, 1517841,177.77,  3300632,386.57,  309454,36.24, 149243,17.48,  65361, 7.66,  957235,112.11, 377896,44.26, 182710,21.40,  622731,72.93,  707587, 82.87,   75121, 8.80, 117695,13.78,  11667, 1.37,  721305, 84.48,  720883, 84.43,  323643,37.90,  120893,   53857,  -3878,   23501,   52161,  853832
"1971:Q3",  4173522,497.55,  4681386,558.10,  507864, 60.55, 1490696,177.72,  3190690,380.38,  302822,36.10, 143465,17.10,  61577, 7.34,  938482,111.88, 374460,44.64, 177754,21.19,  602006,71.77,  658901, 78.55,   69950, 8.34, 122312,14.58,  10928, 1.30,  702023, 83.69,  705138, 84.06,  319432,38.08,   60141,  -13376,   4634,   25740,   48248,  838808
"1971:Q2",  4113381,497.78,  4608501,557.69,  495120, 59.92, 1460893,176.79,  3147608,380.90,  295363,35.74, 138912,16.81,  60845, 7.36,  917847,111.07, 370615,44.85, 172431,20.87,  586950,71.03,  673299, 81.48,   68928, 8.34, 117233,14.19,  11372, 1.38,  682895, 82.64,  689709, 83.46,  317221,38.39,   74199,   -3071,  -2918,   26567,   58725,  826350
"1971:Q1",  4039182,501.56,  4520652,561.34,  481470, 59.79, 1426998,177.19,  3093654,384.15,  289592,35.96, 134072,16.65,  57806, 7.18,  896384,111.31, 363552,45.14, 167062,20.74,  565757,70.25,  677526, 84.13,   67772, 8.42, 119817,14.88,  11706, 1.45,  662932, 82.32,  674659, 83.77,  313484,38.93,  163573,   69065,  -4210,   26727,   76803,  805328
"1970:Q4",  3875609,495.48,  4354327,556.69,  478718, 61.20, 1390677,177.79,  2963650,378.89,  286015,36.57, 133660,17.09,  59043, 7.55,  874469,111.80, 354257,45.29, 161951,20.70,  541812,69.27,  617731, 78.97,   58502, 7.48, 123668,15.81,  12065, 1.54,  643648, 82.29,  654572, 83.68,  311652,39.84,  123002,   59340,  -1427,   19411,   49627,  782186
"1970:Q3",  3752607,484.82,  4222324,545.50,  469717, 60.69, 1362718,176.06,  2859606,369.45,  282347,36.48, 131424,16.98,  55946, 7.23,  859007,110.98, 345965,44.70, 157746,20.38,  525253,67.86,  564921, 72.99,   51972, 6.71, 124805,16.12,  12355, 1.60,  626814, 80.98,  645874, 83.44,  307612,39.74,  127691,   87260,   1464,    -647,   41267,  774022
"1970:Q2",  3624916,480.43,  4087695,541.76,  462779, 61.33, 1356658,179.80,  2731037,361.96,  278674,36.93, 129421,17.15,  54684, 7.25,  861308,114.15, 339505,45.00, 155845,20.65,  503472,66.73,  485261, 64.31,   44372, 5.88, 122876,16.29,  12820, 1.70,  609989, 80.84,  650383, 86.20,  301864,40.01,  -63528, -142621,  -6173,   32896,   58273,  754520
"1970:Q1",  3688444,500.35,  4144665,562.24,  456221, 61.89, 1318182,178.82,  2826483,383.42,  275814,37.42, 126663,17.18,  53744, 7.29,  834315,113.18, 334189,45.33, 149678,20.30,  489065,66.34,  614908, 83.41,   57346, 7.78, 130275,17.67,  11595, 1.57,  592388, 80.36,  632623, 85.82,  298284,40.46,   28121,  -20921,   9066,    4870,   38102,  737168
"1969:Q4",  3660323,507.58,  4124085,571.89,  463762, 64.31, 1308558,181.46,  2815527,390.43,  278689,38.65, 129231,17.92,  55842, 7.74,  832441,115.43, 329711,45.72, 146406,20.30,  492052,68.23,  638984, 88.61,   54190, 7.51, 121674,16.87,  11130, 1.54,  575487, 79.80,  623253, 86.43,  298757,41.43,   17289,  -46153,   6965,   23657,   37009,  721137
"1969:Q3",  3643034,514.93,  4095198,578.84,  452164, 63.91, 1278066,180.65,  2817132,398.19,  274512,38.80, 125813,17.78,  51839, 7.33,  812973,114.91, 323149,45.68, 141944,20.06,  486112,68.71,  686177, 96.99,   53151, 7.51, 114569,16.19,  11270, 1.59,  561088, 79.31,  612640, 86.59,  292126,41.29,   21477,  -22585,  15333,   12136,   19951,  707480
"1969:Q2",  3621557,528.73,  4067873,593.89,  446316, 65.16, 1259294,183.85,  2808579,410.04,  269738,39.38, 123675,18.06,  52903, 7.72,  804195,117.41, 316788,46.25, 138311,20.19,  488918,71.38,  707585,103.30,   54328, 7.93,  99897,14.58,  10609, 1.55,  546529, 79.79,  608673, 88.86,  292040,42.64,    7599,  -39623,  -2060,   18299,   34755,  684950
"1969:Q1",  3613958,539.59,  4048863,604.53,  434905, 64.93, 1233241,184.13,  2815622,420.40,  264857,39.55, 118884,17.75,  51164, 7.64,  789668,117.90, 309279,46.18, 134294,20.05,  482576,72.05,  745190,111.26,   56346, 8.41, 101511,15.16,  11055, 1.65,  531464, 79.35,  599731, 89.54,  287749,42.96,   18254,  -48745,  12025,   24977,   33470,  669756
"1968:Q4",  3595704,543.43,  4031834,609.35,  436130, 65.91, 1200814,181.48,  2831020,427.86,  262934,39.74, 119324,18.03,  53872, 8.14,  768164,116.10, 302059,45.65, 130591,19.74,  484971,73.30,  791494,119.62,   58787, 8.88,  90473,13.67,  10068, 1.52,  516987, 78.13,  588295, 88.91,  289945,43.82,  168626,   89344,  -2143,   40126,   45835,  661666
"1968:Q3",  3427078,527.74,  3849846,592.84,  422768, 65.10, 1152240,177.43,  2697606,415.41,  258183,39.76, 114160,17.58,  50425, 7.76,  732574,112.81, 293852,45.25, 125814,19.37,  470260,72.42,  705275,108.61,   55662, 8.57,  92165,14.19,  10519, 1.62,  504500, 77.69,  571552, 88.01,  287673,44.30,   61708,   10150,    966,   13357,   39709,  649389
"1968:Q2",  3365370,525.27,  3780540,590.07,  415170, 64.80, 1130409,176.44,  2650131,413.64,  253675,39.59, 111404,17.39,  50091, 7.82,  721691,112.64, 285594,44.58, 123124,19.22,  458177,71.51,  697727,108.90,   53060, 8.28,  91551,14.29,  10166, 1.59,  492090, 76.81,  564497, 88.11,  282862,44.15,  138340,   91058,    824,   18369,   30948,  640688
"1968:Q1",  3227030,517.19,  3629486,581.69,  402456, 64.50, 1104944,177.09,  2524542,404.60,  249378,39.97, 107272,17.19,  45806, 7.34,  706181,113.18, 278706,44.67, 120057,19.24,  450725,72.24,  614634, 98.51,   45095, 7.23,  90165,14.45,  10729, 1.72,  478969, 76.76,  556273, 89.15,  277952,44.55,   22967,  -53222,   3568,   23532,   52129,  623954
"1967:Q4",  3204063,527.61,  3614917,595.26,  410854, 67.65, 1074444,176.93,  2540473,418.34,  245974,40.50, 108567,17.88,  56313, 9.27,  685689,112.91, 271922,44.78, 116833,19.24,  445900,73.43,  663676,109.29,   49275, 8.11,  87305,14.38,  10021, 1.65,  466547, 76.83,  543198, 89.45,  274551,45.21,   67259,   23786,   3047,   19738,   23608,  607280
"1967:Q3",  3136804,524.77,  3526004,589.88,  389200, 65.11, 1047817,175.29,  2478187,414.58,  241547,40.41, 105544,17.66,  42109, 7.04,  668871,111.90, 265242,44.37, 113704,19.02,  433295,72.49,  641200,107.27,   47964, 8.02,  84437,14.13,   9842, 1.65,  457022, 76.46,  533652, 89.28,  270775,45.30,   86556,   39906,   4037,   11718,   32984,  597752
"1967:Q2",  3050248,519.90,  3433387,585.21,  383139, 65.30, 1028915,175.37,  2404472,409.83,  237076,40.41, 104131,17.75,  41932, 7.15,  659242,112.37, 258249,44.02, 111424,18.99,  421877,71.91,  605033,103.13,   44225, 7.54,  80255,13.68,   9986, 1.70,  447541, 76.28,  528322, 90.05,  267232,45.55,   41162,    7431,  -4866,    9445,   31064,  586696
"1967:Q1",  3009086,519.42,  3384890,584.28,  375805, 64.87, 1013799,175.00,  2371092,409.29,  234221,40.43, 101348,17.49,  40236, 6.95,  651709,112.50, 252764,43.63, 109326,18.87,  410212,70.81,  599333,103.45,   42494, 7.34,  84641,14.61,  10466, 1.81,  437363, 75.50,  522810, 90.25,  263772,45.53,  106648,   73573,  -1612,    4385,   31957,  579322
"1966:Q4",  2902437,510.04,  3278452,576.12,  376015, 66.08, 1005985,176.78,  2272467,399.34,  232742,40.90, 103422,18.17,  39851, 7.00,  648979,114.04, 249517,43.85, 107489,18.89,  400623,70.40,  531716, 93.44,   36538, 6.42,  86024,15.12,  10695, 1.88,  427837, 75.18,  518533, 91.12,  260500,45.78,   88625,   37159,   1699,   20365,   32221,  569061
"1966:Q3",  2813812,504.12,  3183356,570.33,  369544, 66.21,  979816,175.54,  2203540,394.78,  230272,41.26, 100989,18.09,  38283, 6.86,  631432,113.13, 243929,43.70, 104455,18.71,  393521,70.50,  497826, 89.19,   33270, 5.96,  84603,15.16,  10417, 1.87,  418799, 75.03,  507724, 90.96,  257380,46.11,  -28686,  -62304,   5952,    2554,   26752,  558165
"1966:Q2",  2842498,519.42,  3208151,586.24,  365653, 66.82,  971316,177.49,  2236835,408.75,  227232,41.52, 100205,18.31,  38216, 6.98,  630518,115.22, 238173,43.52, 102625,18.75,  388647,71.02,  555687,101.54,   37712, 6.89,  79074,14.45,   9994, 1.83,  409795, 74.88,  501719, 91.68,  254206,46.45,   32240,  -26987,   1366,   29937,   31470,  547242
"1966:Q1",  2810258,519.10,  3166215,584.85,  355957, 65.75,  935818,172.86,  2230397,411.99,  223358,41.26,  97096,17.94,  35503, 6.56,  604127,111.59, 232800,43.00,  98891,18.27,  384390,71.00,  581368,107.39,   39018, 7.21,  78025,14.41,   9677, 1.79,  400192, 73.92,  487743, 90.09,  249983,46.18,    7113,  -19586,   7216,    -207,   20949,  541375
"1965:Q4",  2803145,526.95,  3155924,593.27,  352779, 66.32,  930933,175.00,  2224991,418.27,  219449,41.25,  97489,18.33,  35841, 6.74,  605593,113.84, 227868,42.84,  97472,18.32,  380386,71.51,  601439,113.06,   38533, 7.24,  71438,13.43,   9048, 1.70,  391197, 73.54,  485039, 91.18,  247911,46.60,   79881,   37458,   -513,   15250,   30886,  531956
"1965:Q3",  2723264,523.84,  3066643,589.89,  343379, 66.05,  912541,175.53,  2154102,414.36,  215042,41.37,  94391,18.16,  33946, 6.53,  593543,114.17, 224867,43.26,  94131,18.11,  369738,71.12,  566815,109.03,   35700, 6.87,  72069,13.86,   8930, 1.72,  383910, 73.85,  471932, 90.78,  245009,47.13,   77716,   48819,   1695,    5943,   22801,  519863
"1965:Q2",  2645548,524.76,  2982011,591.49,  336463, 66.74,  903703,179.25,  2078308,412.24,  210329,41.72,  92243,18.30,  33891, 6.72,  589142,116.86, 222135,44.06,  92426,18.33,  358175,71.05,  521171,103.38,   32525, 6.45,  70757,14.03,   8546, 1.70,  376586, 74.70,  468068, 92.84,  242480,48.10,   -2917,  -23450,   -317,    5479,   17143,  504149
"1965:Q1",  2648465,533.94,  2975323,599.84,  326858, 65.90,  895205,180.48,  2080118,419.36,  205891,41.51,  87645,17.67,  33322, 6.72,  585435,118.03, 219247,44.20,  90523,18.25,  351644,70.89,  544164,109.71,   32982, 6.65,  71018,14.32,   8602, 1.73,  368711, 74.33,  463183, 93.38,  239814,48.35,   44277,   14578,   1596,    7115,   22497,  496020
"1964:Q4",  2604188,532.91,  2927551,599.08,  323363, 66.17,  884104,180.92,  2043447,418.16,  202335,41.40,  87352,17.88,  33676, 6.89,  579830,118.65, 215398,44.08,  88876,18.19,  346262,70.86,  530699,108.60,   31869, 6.52,  69875,14.30,   8149, 1.67,  361410, 73.96,  458150, 93.75,  237034,48.51,   43942,   12006,    647,   12685,   21123,  488675
"1964:Q3",  2560247,531.63,  2874619,596.91,  314372, 65.28,  869241,180.50,  2005378,416.41,  198076,41.13,  84142,17.47,  32154, 6.68,  569664,118.29, 213348,44.30,  86229,17.91,  338661,70.32,  518877,107.74,   31685, 6.58,  69385,14.41,   7992, 1.66,  355244, 73.77,  449035, 93.24,  234500,48.69,   46354,   18618,   1071,    6065,   22046,  481587
"1964:Q2",  2513892,530.54,  2821452,595.45,  307560, 64.91,  860173,181.53,  1961279,413.91,  193368,40.81,  81812,17.27,  32380, 6.83,  565045,119.25, 210475,44.42,  84653,17.87,  328292,69.28,  501922,105.93,   30022, 6.34,  68446,14.45,   7859, 1.66,  349050, 73.66,  444665, 93.84,  231023,48.76,   44368,   16091,    462,   13475,   16613,  473838
"1964:Q1",  2469525,536.40,  2767488,601.12,  297963, 64.72,  843874,183.29,  1923614,417.82,  188776,41.00,  78041,16.95,  31146, 6.77,  553844,120.30, 207778,45.13,  82252,17.87,  320509,69.62,  486613,105.70,   29240, 6.35,  68234,14.82,   7609, 1.65,  342379, 74.37,  439358, 95.43,  229672,49.89,   46854,   30994,   1746,    1652,   13518,  460392
"1963:Q4",  2422670,539.05,  2716669,604.46,  293999, 65.41,  839163,186.71,  1877506,417.75,  185106,41.19,  77870,17.33,  31023, 6.90,  553248,123.10, 204844,45.58,  81071,18.04,  317421,70.63,  457587,101.81,   27272, 6.07,  66655,14.83,   7442, 1.66,  336215, 74.81,  438464, 97.56,  226450,50.39,   -5342,  -27035,   1822,    5316,   15946,  449437
"1963:Q3",  2428012,551.07,  2713000,615.75,  284988, 64.68,  830885,188.58,  1882115,427.17,  180662,41.00,  74362,16.88,  29964, 6.80,  549322,124.68, 202006,45.85,  79557,18.06,  308199,69.95,  485481,110.19,   26413, 5.99,  65002,14.75,   7273, 1.65,  330861, 75.09,  434896, 98.71,  223990,50.84,   41774,   20737,    682,   10453,   11038,  440601
"1963:Q2",  2386237,550.16,  2663708,614.13,  277471, 63.97,  817641,188.51,  1846067,425.62,  175801,40.53,  72217,16.65,  29453, 6.79,  540004,124.50, 199331,45.96,  78306,18.05,  300792,69.35,  465592,107.34,   25565, 5.89,  64641,14.90,   6952, 1.60,  325541, 75.05,  434923,100.27,  222060,51.20,   32317,   22973,   -926,    1426,    9891,  433739
"1963:Q1",  2353920,548.56,  2621874,611.01,  267954, 62.44,  813441,189.57,  1808433,421.44,  171352,39.93,  68935,16.06,  27667, 6.45,  539625,125.76, 196659,45.83,  77157,17.98,  294687,68.67,  444237,103.53,   23948, 5.58,  65500,15.26,   7019, 1.64,  319696, 74.50,  434809,101.33,  218537,50.93,   34718,   14302,  -3652,    7823,   17605,  429107
"1962:Q4",  2319203,546.73,  2584247,609.21,  265044, 62.48,  803569,189.43,  1780678,419.78,  168307,39.68,  69344,16.35,  27393, 6.46,  533162,125.69, 194709,45.90,  75698,17.85,  286577,67.56,  431479,101.72,   22404, 5.28,  69232,16.32,   6939, 1.64,  314380, 74.11,  432849,102.04,  216818,51.11,  104932,   85491,   -905,    8684,   13058,  424193
"1962:Q3",  2214271,528.24,  2471820,589.68,  257549, 61.44,  793692,189.34,  1678128,400.34,  164345,39.21,  66626,15.89,  26578, 6.34,  525874,125.45, 193602,46.19,  74216,17.71,  277439,66.19,  348575, 83.16,   19817, 4.73,  70279,16.77,   6797, 1.62,  311276, 74.26,  428802,102.30,  215143,51.32,   39448,   19230,   1428,    4909,   15028,  419178
"1962:Q2",  2174823,523.01,  2426157,583.45,  251334, 60.44,  786518,189.15,  1639639,394.31,  160237,38.53,  65435,15.74,  25662, 6.17,  522112,125.56, 191439,46.04,  72967,17.55,  269768,64.88,  329923, 79.34,   19239, 4.63,  69118,16.62,   6530, 1.57,  308207, 74.12,  423950,101.95,  212904,51.20,  -94947, -109089,   -228,    5252,   10390,  415826
"1962:Q1",  2269770,553.69,  2514005,613.27,  244235, 59.58,  779404,190.13,  1734601,423.14,  156488,38.17,  62038,15.13,  25709, 6.27,  518133,126.39, 189678,46.27,  71593,17.46,  265056,64.66,  433425,105.73,   24826, 6.06,  69362,16.92,   6514, 1.59,  304644, 74.32,  420714,102.63,  210060,51.24,   13052,  -10194,     -5,    8391,   16172,  409933
"1961:Q4",  2256719,558.34,  2499627,618.43,  242908, 60.10,  769614,190.41,  1730013,428.02,  154027,38.11,  63435,15.69,  25446, 6.30,  511054,126.44, 188375,46.61,  70185,17.36,  260491,64.45,  443622,109.76,   24823, 6.14,  69387,17.17,   6494, 1.61,  301563, 74.61,  415779,102.87,  207854,51.43,   56017,   32750,   1387,    9358,   13805,  404186
"1961:Q3",  2200702,555.69,  2436484,615.23,  235782, 59.54,  759552,191.79,  1676932,423.44,  150179,37.92,  61082,15.42,  24521, 6.19,  502979,127.01, 187768,47.41,  68805,17.37,  255219,64.44,  412972,104.28,   22723, 5.74,  68371,17.26,   6123, 1.55,  296290, 74.82,  409729,103.46,  205505,51.89,   36436,   10653,    646,   10060,   16294,  396030
"1961:Q2",  2164266,555.75,  2395773,615.20,  231507, 59.45,  748133,192.11,  1647640,423.09,  146603,37.65,  60597,15.56,  24307, 6.24,  494136,126.89, 186490,47.89,  67507,17.33,  249689,64.12,  403359,103.58,   21683, 5.57,  67904,17.44,   5944, 1.53,  290970, 74.72,  404517,103.87,  203574,52.27,   22662,     615,    139,   10970,   12260,  389432
"1961:Q1",  2141604,558.21,  2366910,616.94,  225306, 58.73,  736009,191.84,  1630901,425.10,  143645,37.44,  59339,15.47,  22322, 5.82,  484488,126.28, 185413,48.33,  66108,17.23,  245986,64.12,  403502,105.17,   20925, 5.45,  67790,17.67,   5919, 1.54,  285235, 74.35,  400865,104.49,  200679,52.31,   50548,   41499,  -1290,   -1609,   12748,  383653
"1960:Q4",  2091056,551.21,  2315601,610.40,  224545, 59.19,  737552,194.42,  1578049,415.98,  141378,37.27,  61248,16.15,  21919, 5.78,  486897,128.35, 185419,48.88,  65236,17.20,  242843,64.01,  364813, 96.17,   18115, 4.78,  69154,18.23,   5845, 1.54,  279949, 73.80,  398552,105.06,  198778,52.40,   53363,   40498,   -562,    1771,   12184,  379358
"1960:Q3",  2037693,539.29,  2256755,597.27,  219062, 57.98,  734741,194.45,  1522014,402.81,  138582,36.68,  59590,15.77,  20890, 5.53,  485654,128.53, 184431,48.81,  64656,17.11,  237823,62.94,  326084, 86.30,   16346, 4.33,  69857,18.49,   5704, 1.51,  274432, 72.63,  395556,104.69,  196212,51.93,   -4651,  -24938,   -492,    6633,   14763,  377847
"1960:Q2",  2042344,543.59,  2256824,600.67,  214480, 57.09,  726936,193.48,  1529888,407.19,  135366,36.03,  58622,15.60,  20492, 5.45,  479638,127.66, 183332,48.80,  63966,17.03,  231115,61.51,  350355, 93.25,   17013, 4.53,  70504,18.77,   5549, 1.48,  268882, 71.57,  392612,104.50,  193858,51.60,   18030,    6891,    922,    4658,    6159,  375715
"1960:Q1",  2024314,545.11,  2231935,601.02,  207621, 55.91,  720531,194.03,  1511404,406.99,  132580,35.70,  55757,15.01,  19284, 5.19,  475580,128.06, 181677,48.92,  63274,17.04,  229259,61.74,  344367, 92.73,   16110, 4.34,  69706,18.77,   5425, 1.46,  262917, 70.80,  391557,105.44,  192063,51.72,    8229,  -21067,   5460,   12983,   11903,  371359
"1959:Q4",  2016085,549.89,  2222783,606.27,  206698, 56.38,  706020,192.57,  1516763,413.70,  130099,35.48,  57213,15.60,  19386, 5.29,  463647,126.46, 180216,49.15,  62157,16.95,  229104,62.49,  364772, 99.49,   16772, 4.57,  64358,17.55,   5313, 1.45,  257362, 70.20,  388616,106.00,  190466,51.95,   33590,   20297,   3544,    7946,    2464,  366634
"1959:Q3",  1982495,547.56,  2182385,602.77,  199890, 55.21,  697397,192.62,  1484988,410.15,  127007,35.08,  53918,14.89,  18965, 5.24,  456362,126.05, 179622,49.61,  61413,16.96,  227012,62.70,  345702, 95.48,   15545, 4.29,  61011,16.85,   5116, 1.41,  253013, 69.88,  387251,106.96,  190338,52.57,   13077,   -6287,   3260,    9471,    7414,  362062
"1959:Q2",  1969418,546.49,  2163094,600.23,  193675, 53.74,  686600,190.52,  1476494,409.71,  123346,34.23,  51878,14.40,  18451, 5.12,  447672,124.22, 178390,49.50,  60538,16.80,  221237,61.39,  351618, 97.57,   15916, 4.42,  57963,16.08,   4904, 1.36,  248388, 68.92,  387550,107.54,  188917,52.42,   27772,   12660,   1135,   10449,    4357,  360377
"1959:Q1",  1941646,549.70,  2128286,602.53,  186640, 52.84,  674223,190.88,  1454063,411.66,  119935,33.95,  48991,13.87,  17714, 5.01,  438052,124.02, 176556,49.98,  59615,16.88,  218265,61.79,  339992, 96.25,   14882, 4.21,  56944,16.12,   4788, 1.36,  243897, 69.05,  387978,109.84,  187317,53.03,   20565,    7188,   2930,    -141,   10835,  353222
"1958:Q4",  1921081,550.75,  2105227,603.54,  184146, 52.79,  670313,192.17,  1434914,411.37,  117177,33.59,  49490,14.19,  17479, 5.01,  438440,125.70, 172603,49.48,  59270,16.99,  216184,61.98,  333702, 95.67,   13984, 4.01,  54143,15.52,   4659, 1.34,  239493, 68.66,  387266,111.02,  185483,53.18,   30202,   11676,   1230,    9557,    8183,  348811
"1958:Q3",  1890879,550.21,  2069235,602.10,  178356, 51.90,  660430,192.17,  1408805,409.93,  114035,33.18,  47940,13.95,  16381, 4.77,  429327,124.92, 172355,50.15,  58748,17.09,  211774,61.62,  323831, 94.23,   12179, 3.54,  52971,15.41,   4601, 1.34,  234346, 68.19,  385536,112.18,  183567,53.41,   54193,   30291,  -1390,    9913,   15806,  343668
"1958:Q2",  1836686,546.59,  2011466,598.60,  174780, 52.01,  650043,193.45,  1361423,405.15,  111142,33.08,  47704,14.20,  15934, 4.74,  419841,124.94, 171950,51.17,  58252,17.34,  203410,60.53,  294974, 87.78,   10745, 3.20,  54438,16.20,   4524, 1.35,  229077, 68.17,  382513,113.83,  181742,54.09,   27300,   15562,  -1486,    5922,    7848,  336028
"1958:Q1",  1809387,543.19,  1980597,594.59,  171210, 51.40,  644343,193.44,  1336254,401.15,  108975,32.72,  46775,14.04,  15460, 4.64,  414465,124.43, 172253,51.71,  57625,17.30,  202912,60.92,  280533, 84.22,    9624, 2.89,  56176,16.86,   4272, 1.28,  223838, 67.20,  379182,113.83,  179717,53.95,   33384,   14886,    640,   -3247,   20555,  333104
"1957:Q4",  1776003,534.98,  1948078,586.82,  172075, 51.83,  643776,193.92,  1304302,392.89,  107374,32.34,  49217,14.83,  15484, 4.66,  417162,125.66, 168497,50.76,  58117,17.51,  199551,60.11,  266362, 80.24,    8909, 2.68,  55721,16.78,   4087, 1.23,  218667, 65.87,  373179,112.41,  177826,53.57,   16722,    1075,    822,    2882,   12333,  331974
"1957:Q3",  1759281,529.14,  1928251,579.96,  168970, 50.82,  639377,192.30,  1288874,387.65,  105397,31.70,  47971,14.43,  15602, 4.69,  414670,124.72, 167091,50.26,  57616,17.33,  196665,59.15,  264952, 79.69,    9244, 2.78,  54976,16.54,   4010, 1.21,  211585, 63.64,  371021,111.59,  176421,53.06,   -1727,  -26335,   2413,    7434,   15542,  332482
"1957:Q2",  1761008,536.66,  1926835,587.19,  165827, 50.53,  630622,192.18,  1296213,395.01,  103039,31.40,  47223,14.39,  15565, 4.74,  408017,124.34, 165862,50.55,  56743,17.29,  192241,58.58,  290571, 88.55,    9960, 3.04,  52610,16.03,   3963, 1.21,  204498, 62.32,  367267,111.92,  175103,53.36,   37196,   17026,   1192,    7762,   12182,  328145
"1957:Q1",  1723813,532.39,  1884573,582.04,  160760, 49.65,  619052,191.19,  1265521,390.85,  100851,31.15,  45242,13.97,  14667, 4.53,  401222,123.91, 162116,50.07,  55714,17.21,  190956,58.98,  274211, 84.69,    9294, 2.87,  51600,15.94,   3781, 1.17,  197320, 60.94,  364548,112.59,  173811,53.68,   13161,  -13549,   2677,    7823,   17074,  323789
"1956:Q4",  1710651,534.76,  1870250,584.65,  159599, 49.89,  608073,190.09,  1262177,394.56,   98745,30.87,  46580,14.56,  14274, 4.46,  394263,123.25, 159072,49.73,  54738,17.11,  188841,59.03,  287754, 89.95,    9300, 2.91,  49060,15.34,   3644, 1.14,  190224, 59.46,  360825,112.80,  172529,53.93,   38022,   20946,    580,    4827,   12451,  319894
"1956:Q3",  1672629,534.08,  1827461,583.51,  154832, 49.44,  599569,191.44,  1227892,392.07,   96174,30.71,  44978,14.36,  13680, 4.37,  390218,124.60, 155481,49.65,  53870,17.20,  184955,59.06,  267405, 85.38,    8703, 2.78,  48602,15.52,   3522, 1.12,  185846, 59.34,  357937,114.29,  170922,54.58,   18497,   -5371,   2003,    7780,   15407,  313182
"1956:Q2",  1654132,536.10,  1805577,585.18,  151445, 49.08,  588163,190.62,  1217414,394.56,   93327,30.25,  44281,14.35,  13837, 4.48,  383760,124.37, 151963,49.25,  52440,17.00,  180728,58.57,  272443, 88.30,    9036, 2.93,  46872,15.19,   3249, 1.05,  181454, 58.81,  354354,114.84,  169278,54.86,   10297,   -8956,   1306,    8978,    9515,  308551
"1956:Q1",  1643835,541.42,  1790019,589.57,  146184, 48.15,  577329,190.15,  1212690,399.42,   90356,29.76,  42251,13.92,  13577, 4.47,  375328,123.62, 150191,49.47,  51810,17.06,  179208,59.02,  281568, 92.74,    8867, 2.92,  45534,15.00,   3281, 1.08,  176955, 58.28,  349606,115.15,  167671,55.22,   43101,   16945,   2309,    9701,   15902,  303616
"1955:Q4",  1600734,534.73,  1745160,582.98,  144426, 48.25,  565453,188.89,  1179707,394.08,   87936,29.38,  42949,14.35,  13541, 4.52,  367383,122.73, 148099,49.47,  49971,16.69,  177800,59.39,  265346, 88.64,    8144, 2.72,  43368,14.49,   3138, 1.05,  172553, 57.64,  343803,114.85,  165555,55.30,   20405,    1975,   1162,    8318,   10573,  299354
"1955:Q3",  1580329,535.51,  1719116,582.54,  138787, 47.03,  555200,188.14,  1163916,394.40,   85032,28.81,  40543,13.74,  13212, 4.48,  360688,122.22, 146276,49.57,  48236,16.35,  175011,59.30,  264068, 89.48,    7447, 2.52,  42276,14.33,   3068, 1.04,  168573, 57.12,  339578,115.07,  163895,55.54,   39331,   14266,   2175,   11261,   13062,  295107
"1955:Q2",  1540998,533.90,  1674424,580.13,  133426, 46.23,  540617,187.30,  1133807,392.82,   81697,28.30,  38755,13.43,  12974, 4.50,  350860,121.56, 143051,49.56,  46706,16.18,  170134,58.95,  249979, 86.61,    7270, 2.52,  40234,13.94,   2935, 1.02,  164591, 57.02,  336411,116.55,  162253,56.21,   35124,   21557,   1614,   10441,    2694,  288631
"1955:Q1",  1505874,533.80,  1632189,578.58,  126315, 44.78,  527830,187.11,  1104359,391.47,   78237,27.73,  35702,12.66,  12376, 4.39,  341601,121.09, 140764,49.90,  45465,16.12,  170023,60.27,  229229, 81.26,    6463, 2.29,  38748,13.74,   2807, 1.00,  160517, 56.90,  335802,119.04,  160770,56.99,   21754,    6806,   1749,    4868,    9152,  282103
"1954:Q4",  1484120,536.34,  1607212,580.82,  123092, 44.48,  520894,188.24,  1086318,392.58,   75356,27.23,  35963,13.00,  11773, 4.25,  337554,121.99, 138718,50.13,  44622,16.13,  168284,60.82,  222894, 80.55,    5992, 2.17,  37084,13.40,   2722, 0.98,  156554, 56.58,  333824,120.64,  158964,57.45,   17182,    1764,   -184,    8214,    7829,  276713
"1954:Q3",  1466938,539.76,  1584701,583.09,  117763, 43.33,  510860,187.97,  1073841,395.12,   72336,26.62,  34242,12.60,  11185, 4.12,  329781,121.34, 136944,50.39,  44135,16.24,  165202,60.79,  221809, 81.61,    5313, 1.95,  37369,13.75,   2621, 0.96,  152687, 56.18,  331710,122.05,  157130,57.82,   36239,   18593,   -974,    9571,    9571,  271778
"1954:Q2",  1430700,530.24,  1545012,572.61,  114312, 42.37,  501395,185.83,  1043617,386.78,   69614,25.80,  34006,12.60,  10692, 3.96,  320732,118.87, 137068,50.80,  43595,16.16,  159413,59.08,  203774, 75.52,    4755, 1.76,  38450,14.25,   2514, 0.93,  148889, 55.18,  330344,122.43,  155478,57.62,   21691,   15568,   -499,    4329,    2482,  269820
"1954:Q1",  1409008,521.99,  1519504,562.92,  110496, 40.93,  498301,184.60,  1021203,378.32,   67351,24.95,  32744,12.13,  10401, 3.85,  316592,117.29, 138372,51.26,  43337,16.05,  157516,58.35,  188597, 69.87,    4364, 1.62,  39020,14.46,   2443, 0.91,  144962, 53.70,  330434,122.41,  153867,57.00,   22777,   11391,    443,    1566,    9406,  269931
"1953:Q4",  1386232,518.77,  1496856,560.16,  110624, 41.40,  493418,184.65,  1003438,375.51,   65938,24.68,  34614,12.95,  10072, 3.77,  315055,117.90, 135125,50.57,  43238,16.18,  157133,58.80,  177571, 66.45,    3999, 1.50,  38681,14.48,   2339, 0.88,  141122, 52.81,  330215,123.58,  152378,57.02,   20788,   14125,   -605,   -1413,    8561,  267217
"1953:Q3",  1365443,511.48,  1472672,551.65,  107229, 40.17,  493036,184.69,   979636,366.96,   64205,24.05,  33354,12.49,   9670, 3.62,  316348,118.50, 133388,49.97,  43300,16.22,  153908,57.65,  163841, 61.37,    3604, 1.35,  39364,14.75,   2261, 0.85,  137228, 51.40,  328684,123.12,  150746,56.47,   14587,   -4735,    388,   10094,    9266,  266957
"1953:Q2",  1350856,506.32,  1455555,545.56,  104699, 39.24,  481976,180.65,   973579,364.91,   62225,23.32,  32672,12.25,   9802, 3.67,  306680,114.95, 132497,49.66,  42799,16.04,  149761,56.13,  168575, 63.18,    3605, 1.35,  39045,14.63,   2192, 0.82,  133313, 49.97,  327738,122.84,  149350,55.98,    2234,   -9308,   3887,    6851,    1157,  266799
"1953:Q1",  1348622,512.85,  1448829,550.95,  100207, 38.11,  472950,179.85,   975879,371.10,   60006,22.82,  30901,11.75,   9300, 3.54,  300182,114.15, 130396,49.59,  42372,16.11,  150416,57.20,  177850, 67.63,    3638, 1.38,  35208,13.39,   2142, 0.81,  129334, 49.18,  329104,125.15,  148187,56.35,   10380,   -3314,    112,    5492,    8152,  262968
"1952:Q4",  1338242,516.89,  1436132,554.70,   97890, 37.81,  463998,179.22,   972134,375.48,   58416,22.56,  30522,11.79,   8952, 3.46,  294752,113.85, 127000,49.05,  42246,16.32,  147805,57.09,  181107, 69.95,    3695, 1.43,  35169,13.58,   2069, 0.80,  125432, 48.45,  330661,127.72,  146196,56.47,    3900,  -10831,    505,   10712,    4058,  258904
"1952:Q3",  1334342,527.29,  1427783,564.21,   93441, 36.92,  453488,179.20,   974295,385.01,   56640,22.38,  27965,11.05,   8836, 3.49,  284584,112.46, 127239,50.28,  41665,16.46,  143473,56.70,  192052, 75.89,    3581, 1.42,  34755,13.73,   1978, 0.78,  121723, 48.10,  332824,131.52,  143909,56.87,   12824,    -353,   1732,    1429,   10366,  253057
"1952:Q2",  1321518,536.23,  1411929,572.91,   90411, 36.69,  448848,182.13,   963081,390.79,   54798,22.24,  26878,10.91,   8735, 3.54,  283505,115.04, 124046,50.33,  41297,16.76,  139181,56.48,  192554, 78.13,    3432, 1.39,  33084,13.42,   1917, 0.78,  117979, 47.87,  332505,134.92,  142429,57.79,   22648,    6281,   2221,   10848,    3811,  246447
"1952:Q1",  1298870,533.62,  1385094,569.04,   86224, 35.42,  437115,179.58,   947978,389.46,   53066,21.80,  24597,10.11,   8561, 3.52,  273170,112.23, 123210,50.62,  40735,16.74,  138706,56.98,  186382, 76.57,    3323, 1.37,  30920,12.70,   1860, 0.76,  114143, 46.89,  331584,136.23,  141061,57.95,   18346,    1784,   2559,    2943,   11707,  243408
